-- phpMyAdmin SQL Dump
-- version 5.2.1
-- https://www.phpmyadmin.net/
--
-- Máy chủ: 127.0.0.1
-- Thời gian đã tạo: Th7 06, 2026 lúc 08:52 AM
-- Phiên bản máy phục vụ: 10.4.32-MariaDB
-- Phiên bản PHP: 8.0.30

SET SQL_MODE = "NO_AUTO_VALUE_ON_ZERO";
START TRANSACTION;
SET time_zone = "+00:00";


/*!40101 SET @OLD_CHARACTER_SET_CLIENT=@@CHARACTER_SET_CLIENT */;
/*!40101 SET @OLD_CHARACTER_SET_RESULTS=@@CHARACTER_SET_RESULTS */;
/*!40101 SET @OLD_COLLATION_CONNECTION=@@COLLATION_CONNECTION */;
/*!40101 SET NAMES utf8mb4 */;

--
-- Cơ sở dữ liệu: `quan_ly_ban_hang`
--

-- --------------------------------------------------------

--
-- Cấu trúc đóng vai cho view `activity_logs`
-- (See below for the actual view)
--
CREATE TABLE `activity_logs` (
`id` int(11)
,`user_id` int(11)
,`action` varchar(80)
,`description` varchar(255)
,`created_at` datetime
);

-- --------------------------------------------------------

--
-- Cấu trúc bảng cho bảng `chitiethoadon`
--

CREATE TABLE `chitiethoadon` (
  `maCTHD` int(11) NOT NULL,
  `maHD` int(11) NOT NULL,
  `maSP` int(11) NOT NULL,
  `maSanPham` varchar(30) NOT NULL,
  `tenSP` varchar(150) NOT NULL,
  `soLuong` int(11) NOT NULL,
  `donGia` decimal(15,2) NOT NULL,
  `thanhTien` decimal(15,2) NOT NULL
) ENGINE=InnoDB DEFAULT CHARSET=utf8mb4 COLLATE=utf8mb4_unicode_ci;

--
-- Đang đổ dữ liệu cho bảng `chitiethoadon`
--

INSERT INTO `chitiethoadon` (`maCTHD`, `maHD`, `maSP`, `maSanPham`, `tenSP`, `soLuong`, `donGia`, `thanhTien`) VALUES
(1, 1, 7, 'SP007', 'Nước cam ép hộp', 4, 12000.00, 48000.00),
(2, 1, 25, 'SP025', 'Kẹo bạc hà', 4, 12000.00, 48000.00),
(3, 1, 67, 'SP067', 'Hạt nêm 400g', 1, 42000.00, 42000.00),
(4, 1, 47, 'SP047', 'Băng cá nhân hộp nhỏ', 2, 12000.00, 24000.00),
(5, 1, 80, 'SP080', 'Yến mạch ăn liền', 3, 52000.00, 156000.00),
(6, 2, 57, 'SP057', 'Tập học sinh 96 trang', 1, 9000.00, 9000.00),
(7, 2, 90, 'SP090', 'Kem chống nắng mini', 5, 69000.00, 345000.00),
(8, 2, 63, 'SP063', 'Nước tương 500ml', 2, 25000.00, 50000.00),
(9, 2, 16, 'SP016', 'Phở ăn liền bò', 2, 10000.00, 20000.00),
(10, 3, 53, 'SP053', 'Bút chì 2B', 2, 3500.00, 7000.00),
(11, 3, 12, 'SP012', 'Mì ly bò cay', 4, 12500.00, 50000.00),
(12, 3, 29, 'SP029', 'Bánh trứng hộp nhỏ', 3, 32000.00, 96000.00),
(13, 3, 15, 'SP015', 'Cháo ăn liền thịt bằm', 5, 9000.00, 45000.00),
(14, 3, 60, 'SP060', 'Kẹp giấy hộp nhỏ', 3, 12000.00, 36000.00),
(15, 3, 16, 'SP016', 'Phở ăn liền bò', 4, 10000.00, 40000.00),
(16, 4, 59, 'SP059', 'Bìa hồ sơ', 4, 6000.00, 24000.00),
(17, 4, 71, 'SP071', 'Kem que socola', 2, 12000.00, 24000.00),
(18, 4, 19, 'SP019', 'Cơm cháy chà bông', 5, 18000.00, 90000.00),
(19, 5, 9, 'SP009', 'Sữa tươi không đường', 4, 9000.00, 36000.00),
(20, 5, 36, 'SP036', 'Túi rác cuộn nhỏ', 3, 18000.00, 54000.00),
(21, 5, 99, 'SP099', 'Máy tính bỏ túi nhỏ', 5, 65000.00, 325000.00),
(22, 6, 93, 'SP093', 'Bóng đèn LED 9W', 4, 38000.00, 152000.00),
(23, 6, 39, 'SP039', 'Bột giặt 800g', 2, 52000.00, 104000.00),
(24, 6, 76, 'SP076', 'Khoai tây chiên đông lạnh', 4, 46000.00, 184000.00),
(25, 6, 75, 'SP075', 'Bò viên đông lạnh', 5, 52000.00, 260000.00),
(26, 7, 98, 'SP098', 'Kéo văn phòng', 2, 22000.00, 44000.00),
(27, 7, 70, 'SP070', 'Sốt mayonnaise 130g', 5, 28000.00, 140000.00),
(28, 7, 49, 'SP049', 'Dung dịch rửa tay 100ml', 4, 25000.00, 100000.00),
(29, 7, 59, 'SP059', 'Bìa hồ sơ', 2, 6000.00, 12000.00),
(30, 7, 42, 'SP042', 'Sữa tắm 200ml', 4, 42000.00, 168000.00),
(31, 7, 25, 'SP025', 'Kẹo bạc hà', 1, 12000.00, 12000.00),
(32, 8, 50, 'SP050', 'Lăn khử mùi', 1, 52000.00, 52000.00),
(33, 8, 85, 'SP085', 'Rong biển ăn liền', 2, 13000.00, 26000.00),
(34, 8, 84, 'SP084', 'Bánh flan hộp', 5, 16000.00, 80000.00),
(35, 8, 20, 'SP020', 'Bánh mì sandwich', 5, 25000.00, 125000.00),
(36, 8, 64, 'SP064', 'Tương ớt 250g', 3, 18000.00, 54000.00),
(37, 9, 13, 'SP013', 'Mì gói tôm chua cay', 2, 4500.00, 9000.00),
(38, 9, 68, 'SP068', 'Bột ngọt 400g', 4, 36000.00, 144000.00),
(39, 9, 59, 'SP059', 'Bìa hồ sơ', 2, 6000.00, 12000.00),
(40, 9, 2, 'SP002', 'Nước suối 1.5L', 1, 9000.00, 9000.00),
(41, 9, 93, 'SP093', 'Bóng đèn LED 9W', 4, 38000.00, 152000.00),
(42, 10, 84, 'SP084', 'Bánh flan hộp', 4, 16000.00, 64000.00),
(43, 10, 11, 'SP011', 'Mì ly hải sản', 3, 12000.00, 36000.00),
(44, 10, 43, 'SP043', 'Kem đánh răng', 4, 28000.00, 112000.00),
(45, 10, 87, 'SP087', 'Bắp rang bơ', 5, 22000.00, 110000.00),
(46, 10, 69, 'SP069', 'Tiêu xay 50g', 1, 20000.00, 20000.00),
(47, 11, 30, 'SP030', 'Bánh que phủ socola', 1, 14000.00, 14000.00),
(48, 11, 96, 'SP096', 'Bút highlight', 1, 12000.00, 12000.00),
(49, 11, 12, 'SP012', 'Mì ly bò cay', 4, 12500.00, 50000.00),
(50, 11, 56, 'SP056', 'Sổ tay A5', 2, 18000.00, 36000.00),
(51, 12, 42, 'SP042', 'Sữa tắm 200ml', 3, 42000.00, 126000.00),
(52, 12, 8, 'SP008', 'Sữa tươi có đường', 3, 9000.00, 27000.00),
(53, 13, 68, 'SP068', 'Bột ngọt 400g', 2, 36000.00, 72000.00),
(54, 13, 53, 'SP053', 'Bút chì 2B', 2, 3500.00, 7000.00),
(55, 13, 73, 'SP073', 'Há cảo đông lạnh', 2, 55000.00, 110000.00),
(56, 14, 80, 'SP080', 'Yến mạch ăn liền', 2, 52000.00, 104000.00),
(57, 14, 88, 'SP088', 'Nước rửa tay khô 250ml', 2, 45000.00, 90000.00),
(58, 14, 31, 'SP031', 'Khăn giấy bỏ túi', 4, 7000.00, 28000.00),
(59, 14, 64, 'SP064', 'Tương ớt 250g', 3, 18000.00, 54000.00),
(60, 14, 75, 'SP075', 'Bò viên đông lạnh', 4, 52000.00, 208000.00),
(61, 15, 37, 'SP037', 'Túi zipper thực phẩm', 4, 25000.00, 100000.00),
(62, 15, 87, 'SP087', 'Bắp rang bơ', 3, 22000.00, 66000.00),
(63, 15, 70, 'SP070', 'Sốt mayonnaise 130g', 5, 28000.00, 140000.00),
(64, 15, 21, 'SP021', 'Bánh quy bơ', 3, 25000.00, 75000.00),
(65, 15, 10, 'SP010', 'Sữa chua uống', 4, 8000.00, 32000.00),
(66, 16, 26, 'SP026', 'Kẹo dẻo trái cây', 2, 18000.00, 36000.00),
(67, 16, 50, 'SP050', 'Lăn khử mùi', 4, 52000.00, 208000.00),
(68, 16, 62, 'SP062', 'Nước mắm 500ml', 5, 38000.00, 190000.00),
(69, 16, 14, 'SP014', 'Mì gói bò rau thơm', 3, 5000.00, 15000.00),
(70, 17, 3, 'SP003', 'Trà xanh chai 455ml', 1, 10000.00, 10000.00),
(71, 17, 85, 'SP085', 'Rong biển ăn liền', 5, 13000.00, 65000.00),
(72, 17, 51, 'SP051', 'Bút bi xanh', 1, 4000.00, 4000.00),
(73, 17, 36, 'SP036', 'Túi rác cuộn nhỏ', 5, 18000.00, 90000.00),
(74, 18, 100, 'SP100', 'Balo dây rút', 2, 39000.00, 78000.00),
(75, 18, 30, 'SP030', 'Bánh que phủ socola', 2, 14000.00, 28000.00),
(76, 18, 78, 'SP078', 'Phô mai miếng', 5, 36000.00, 180000.00),
(77, 18, 46, 'SP046', 'Dao cạo râu', 3, 16000.00, 48000.00),
(78, 19, 40, 'SP040', 'Nước xả vải 800ml', 1, 45000.00, 45000.00),
(79, 19, 57, 'SP057', 'Tập học sinh 96 trang', 5, 9000.00, 45000.00),
(80, 20, 38, 'SP038', 'Miếng rửa chén', 4, 8000.00, 32000.00),
(81, 20, 42, 'SP042', 'Sữa tắm 200ml', 2, 42000.00, 84000.00),
(82, 21, 47, 'SP047', 'Băng cá nhân hộp nhỏ', 4, 12000.00, 48000.00),
(83, 21, 68, 'SP068', 'Bột ngọt 400g', 3, 36000.00, 108000.00),
(84, 21, 65, 'SP065', 'Muối i-ốt 500g', 3, 7000.00, 21000.00),
(85, 21, 35, 'SP035', 'Nước lau sàn 1L', 1, 36000.00, 36000.00),
(86, 21, 22, 'SP022', 'Bánh quy socola', 4, 27000.00, 108000.00),
(87, 21, 33, 'SP033', 'Giấy vệ sinh 10 cuộn', 1, 58000.00, 58000.00),
(88, 22, 87, 'SP087', 'Bắp rang bơ', 5, 22000.00, 110000.00),
(89, 22, 93, 'SP093', 'Bóng đèn LED 9W', 3, 38000.00, 114000.00),
(90, 22, 51, 'SP051', 'Bút bi xanh', 1, 4000.00, 4000.00),
(91, 23, 16, 'SP016', 'Phở ăn liền bò', 5, 10000.00, 50000.00),
(92, 23, 59, 'SP059', 'Bìa hồ sơ', 4, 6000.00, 24000.00),
(93, 23, 48, 'SP048', 'Khẩu trang y tế 10 cái', 3, 15000.00, 45000.00),
(94, 23, 87, 'SP087', 'Bắp rang bơ', 1, 22000.00, 22000.00),
(95, 23, 96, 'SP096', 'Bút highlight', 2, 12000.00, 24000.00),
(96, 23, 34, 'SP034', 'Nước rửa chén 750ml', 4, 28000.00, 112000.00),
(97, 24, 42, 'SP042', 'Sữa tắm 200ml', 4, 42000.00, 168000.00),
(98, 24, 79, 'SP079', 'Ngũ cốc dinh dưỡng', 3, 45000.00, 135000.00),
(99, 24, 29, 'SP029', 'Bánh trứng hộp nhỏ', 4, 32000.00, 128000.00),
(100, 24, 83, 'SP083', 'Trà sữa đóng chai', 1, 18000.00, 18000.00),
(101, 24, 9, 'SP009', 'Sữa tươi không đường', 2, 9000.00, 18000.00),
(102, 24, 82, 'SP082', 'Nước khoáng có gas', 1, 14000.00, 14000.00),
(103, 25, 15, 'SP015', 'Cháo ăn liền thịt bằm', 4, 9000.00, 36000.00),
(104, 25, 13, 'SP013', 'Mì gói tôm chua cay', 4, 4500.00, 18000.00),
(105, 25, 31, 'SP031', 'Khăn giấy bỏ túi', 3, 7000.00, 21000.00),
(106, 25, 69, 'SP069', 'Tiêu xay 50g', 5, 20000.00, 100000.00),
(107, 25, 18, 'SP018', 'Xúc xích tiệt trùng', 4, 7000.00, 28000.00),
(108, 26, 63, 'SP063', 'Nước tương 500ml', 4, 25000.00, 100000.00),
(109, 26, 79, 'SP079', 'Ngũ cốc dinh dưỡng', 3, 45000.00, 135000.00),
(110, 27, 57, 'SP057', 'Tập học sinh 96 trang', 1, 9000.00, 9000.00),
(111, 27, 31, 'SP031', 'Khăn giấy bỏ túi', 3, 7000.00, 21000.00),
(112, 27, 47, 'SP047', 'Băng cá nhân hộp nhỏ', 5, 12000.00, 60000.00),
(113, 28, 25, 'SP025', 'Kẹo bạc hà', 2, 12000.00, 24000.00),
(114, 28, 16, 'SP016', 'Phở ăn liền bò', 5, 10000.00, 50000.00),
(115, 28, 59, 'SP059', 'Bìa hồ sơ', 1, 6000.00, 6000.00),
(116, 28, 12, 'SP012', 'Mì ly bò cay', 1, 12500.00, 12500.00),
(117, 29, 73, 'SP073', 'Há cảo đông lạnh', 5, 55000.00, 275000.00),
(118, 29, 27, 'SP027', 'Socola thanh nhỏ', 2, 22000.00, 44000.00),
(119, 29, 9, 'SP009', 'Sữa tươi không đường', 5, 9000.00, 45000.00),
(120, 30, 43, 'SP043', 'Kem đánh răng', 5, 28000.00, 140000.00),
(121, 30, 100, 'SP100', 'Balo dây rút', 1, 39000.00, 39000.00),
(122, 30, 19, 'SP019', 'Cơm cháy chà bông', 3, 18000.00, 54000.00),
(123, 31, 33, 'SP033', 'Giấy vệ sinh 10 cuộn', 1, 58000.00, 58000.00),
(124, 31, 23, 'SP023', 'Snack khoai tây vị muối', 3, 15000.00, 45000.00),
(125, 31, 15, 'SP015', 'Cháo ăn liền thịt bằm', 2, 9000.00, 18000.00),
(126, 31, 85, 'SP085', 'Rong biển ăn liền', 5, 13000.00, 65000.00),
(127, 31, 4, 'SP004', 'Trà ô long chai 455ml', 3, 11000.00, 33000.00),
(128, 31, 17, 'SP017', 'Bún ăn liền riêu cua', 1, 9500.00, 9500.00),
(129, 32, 95, 'SP095', 'Băng keo trong', 1, 10000.00, 10000.00),
(130, 32, 54, 'SP054', 'Tẩy chì', 1, 3000.00, 3000.00),
(131, 32, 68, 'SP068', 'Bột ngọt 400g', 4, 36000.00, 144000.00),
(132, 33, 76, 'SP076', 'Khoai tây chiên đông lạnh', 1, 46000.00, 46000.00),
(133, 33, 14, 'SP014', 'Mì gói bò rau thơm', 5, 5000.00, 25000.00),
(134, 33, 58, 'SP058', 'Keo dán giấy', 3, 7000.00, 21000.00),
(135, 33, 65, 'SP065', 'Muối i-ốt 500g', 4, 7000.00, 28000.00),
(136, 33, 29, 'SP029', 'Bánh trứng hộp nhỏ', 1, 32000.00, 32000.00),
(137, 33, 79, 'SP079', 'Ngũ cốc dinh dưỡng', 1, 45000.00, 45000.00),
(138, 34, 88, 'SP088', 'Nước rửa tay khô 250ml', 1, 45000.00, 45000.00),
(139, 34, 14, 'SP014', 'Mì gói bò rau thơm', 1, 5000.00, 5000.00),
(140, 34, 63, 'SP063', 'Nước tương 500ml', 3, 25000.00, 75000.00),
(141, 34, 92, 'SP092', 'Pin tiểu AAA 2 viên', 5, 24000.00, 120000.00),
(142, 34, 57, 'SP057', 'Tập học sinh 96 trang', 2, 9000.00, 18000.00),
(143, 35, 82, 'SP082', 'Nước khoáng có gas', 5, 14000.00, 70000.00),
(144, 35, 75, 'SP075', 'Bò viên đông lạnh', 5, 52000.00, 260000.00),
(145, 35, 71, 'SP071', 'Kem que socola', 3, 12000.00, 36000.00),
(146, 35, 92, 'SP092', 'Pin tiểu AAA 2 viên', 4, 24000.00, 96000.00),
(147, 35, 42, 'SP042', 'Sữa tắm 200ml', 5, 42000.00, 210000.00),
(148, 35, 49, 'SP049', 'Dung dịch rửa tay 100ml', 5, 25000.00, 125000.00),
(149, 36, 84, 'SP084', 'Bánh flan hộp', 5, 16000.00, 80000.00),
(150, 36, 99, 'SP099', 'Máy tính bỏ túi nhỏ', 2, 65000.00, 130000.00),
(151, 37, 53, 'SP053', 'Bút chì 2B', 4, 3500.00, 14000.00),
(152, 37, 44, 'SP044', 'Bàn chải đánh răng', 4, 18000.00, 72000.00),
(153, 37, 59, 'SP059', 'Bìa hồ sơ', 1, 6000.00, 6000.00),
(154, 38, 48, 'SP048', 'Khẩu trang y tế 10 cái', 1, 15000.00, 15000.00),
(155, 38, 20, 'SP020', 'Bánh mì sandwich', 1, 25000.00, 25000.00),
(156, 38, 88, 'SP088', 'Nước rửa tay khô 250ml', 1, 45000.00, 45000.00),
(157, 38, 61, 'SP061', 'Dầu ăn 1L', 1, 52000.00, 52000.00),
(158, 39, 17, 'SP017', 'Bún ăn liền riêu cua', 5, 9500.00, 47500.00),
(159, 39, 72, 'SP072', 'Kem que đậu xanh', 5, 10000.00, 50000.00),
(160, 39, 8, 'SP008', 'Sữa tươi có đường', 3, 9000.00, 27000.00),
(161, 39, 76, 'SP076', 'Khoai tây chiên đông lạnh', 1, 46000.00, 46000.00),
(162, 40, 93, 'SP093', 'Bóng đèn LED 9W', 3, 38000.00, 114000.00),
(163, 40, 7, 'SP007', 'Nước cam ép hộp', 1, 12000.00, 12000.00),
(164, 40, 37, 'SP037', 'Túi zipper thực phẩm', 5, 25000.00, 125000.00),
(165, 40, 77, 'SP077', 'Sữa chua có đường', 5, 6000.00, 30000.00),
(166, 40, 40, 'SP040', 'Nước xả vải 800ml', 2, 45000.00, 90000.00),
(167, 41, 14, 'SP014', 'Mì gói bò rau thơm', 3, 5000.00, 15000.00),
(168, 41, 45, 'SP045', 'Nước súc miệng 250ml', 1, 48000.00, 48000.00),
(169, 41, 72, 'SP072', 'Kem que đậu xanh', 3, 10000.00, 30000.00),
(170, 42, 99, 'SP099', 'Máy tính bỏ túi nhỏ', 1, 65000.00, 65000.00),
(171, 42, 80, 'SP080', 'Yến mạch ăn liền', 5, 52000.00, 260000.00),
(172, 42, 79, 'SP079', 'Ngũ cốc dinh dưỡng', 3, 45000.00, 135000.00),
(173, 42, 87, 'SP087', 'Bắp rang bơ', 1, 22000.00, 22000.00),
(174, 42, 83, 'SP083', 'Trà sữa đóng chai', 2, 18000.00, 36000.00),
(175, 42, 72, 'SP072', 'Kem que đậu xanh', 3, 10000.00, 30000.00),
(176, 43, 1, 'SP001', 'Nước suối 500ml', 4, 5000.00, 20000.00),
(177, 43, 24, 'SP024', 'Snack khoai tây vị BBQ', 1, 16000.00, 16000.00),
(178, 43, 19, 'SP019', 'Cơm cháy chà bông', 2, 18000.00, 36000.00),
(179, 43, 73, 'SP073', 'Há cảo đông lạnh', 1, 55000.00, 55000.00),
(180, 44, 49, 'SP049', 'Dung dịch rửa tay 100ml', 3, 25000.00, 75000.00),
(181, 44, 54, 'SP054', 'Tẩy chì', 2, 3000.00, 6000.00),
(182, 44, 59, 'SP059', 'Bìa hồ sơ', 3, 6000.00, 18000.00),
(183, 45, 77, 'SP077', 'Sữa chua có đường', 5, 6000.00, 30000.00),
(184, 45, 11, 'SP011', 'Mì ly hải sản', 1, 12000.00, 12000.00),
(185, 45, 7, 'SP007', 'Nước cam ép hộp', 1, 12000.00, 12000.00),
(186, 45, 20, 'SP020', 'Bánh mì sandwich', 3, 25000.00, 75000.00),
(187, 45, 21, 'SP021', 'Bánh quy bơ', 4, 25000.00, 100000.00),
(188, 45, 97, 'SP097', 'Giấy note', 4, 15000.00, 60000.00),
(189, 46, 35, 'SP035', 'Nước lau sàn 1L', 3, 36000.00, 108000.00),
(190, 46, 28, 'SP028', 'Bánh gạo vị mặn', 4, 17000.00, 68000.00),
(191, 46, 97, 'SP097', 'Giấy note', 1, 15000.00, 15000.00),
(192, 46, 66, 'SP066', 'Đường trắng 1kg', 3, 26000.00, 78000.00),
(193, 46, 15, 'SP015', 'Cháo ăn liền thịt bằm', 5, 9000.00, 45000.00),
(194, 47, 6, 'SP006', 'Nước ngọt cola lon', 1, 10000.00, 10000.00),
(195, 47, 29, 'SP029', 'Bánh trứng hộp nhỏ', 1, 32000.00, 32000.00),
(196, 47, 51, 'SP051', 'Bút bi xanh', 2, 4000.00, 8000.00),
(197, 47, 77, 'SP077', 'Sữa chua có đường', 3, 6000.00, 18000.00),
(198, 48, 38, 'SP038', 'Miếng rửa chén', 4, 8000.00, 32000.00),
(199, 48, 42, 'SP042', 'Sữa tắm 200ml', 4, 42000.00, 168000.00),
(200, 48, 16, 'SP016', 'Phở ăn liền bò', 2, 10000.00, 20000.00),
(201, 48, 1, 'SP001', 'Nước suối 500ml', 2, 5000.00, 10000.00),
(202, 49, 65, 'SP065', 'Muối i-ốt 500g', 3, 7000.00, 21000.00),
(203, 49, 72, 'SP072', 'Kem que đậu xanh', 1, 10000.00, 10000.00),
(204, 49, 86, 'SP086', 'Đậu phộng rang muối', 4, 19000.00, 76000.00),
(205, 50, 10, 'SP010', 'Sữa chua uống', 4, 8000.00, 32000.00),
(206, 50, 41, 'SP041', 'Dầu gội 180ml', 3, 38000.00, 114000.00),
(207, 50, 74, 'SP074', 'Cá viên đông lạnh', 1, 48000.00, 48000.00),
(208, 50, 55, 'SP055', 'Thước kẻ 20cm', 4, 5000.00, 20000.00),
(209, 50, 52, 'SP052', 'Bút bi đen', 1, 4000.00, 4000.00),
(210, 51, 59, 'SP059', 'Bìa hồ sơ', 2, 6000.00, 12000.00),
(211, 51, 89, 'SP089', 'Dầu xả tóc 180ml', 4, 39000.00, 156000.00),
(212, 51, 47, 'SP047', 'Băng cá nhân hộp nhỏ', 5, 12000.00, 60000.00),
(213, 51, 12, 'SP012', 'Mì ly bò cay', 4, 12500.00, 50000.00),
(214, 51, 56, 'SP056', 'Sổ tay A5', 5, 18000.00, 90000.00),
(215, 51, 14, 'SP014', 'Mì gói bò rau thơm', 1, 5000.00, 5000.00),
(216, 52, 29, 'SP029', 'Bánh trứng hộp nhỏ', 1, 32000.00, 32000.00),
(217, 52, 43, 'SP043', 'Kem đánh răng', 5, 28000.00, 140000.00),
(218, 52, 100, 'SP100', 'Balo dây rút', 1, 39000.00, 39000.00),
(219, 52, 22, 'SP022', 'Bánh quy socola', 5, 27000.00, 135000.00),
(220, 53, 45, 'SP045', 'Nước súc miệng 250ml', 2, 48000.00, 96000.00),
(221, 53, 94, 'SP094', 'Ổ cắm điện 3 lỗ', 1, 65000.00, 65000.00),
(222, 53, 83, 'SP083', 'Trà sữa đóng chai', 2, 18000.00, 36000.00),
(223, 53, 19, 'SP019', 'Cơm cháy chà bông', 3, 18000.00, 54000.00),
(224, 54, 98, 'SP098', 'Kéo văn phòng', 2, 22000.00, 44000.00),
(225, 54, 84, 'SP084', 'Bánh flan hộp', 4, 16000.00, 64000.00),
(226, 54, 10, 'SP010', 'Sữa chua uống', 4, 8000.00, 32000.00),
(227, 55, 83, 'SP083', 'Trà sữa đóng chai', 2, 18000.00, 36000.00),
(228, 55, 82, 'SP082', 'Nước khoáng có gas', 4, 14000.00, 56000.00),
(229, 55, 80, 'SP080', 'Yến mạch ăn liền', 1, 52000.00, 52000.00),
(230, 55, 42, 'SP042', 'Sữa tắm 200ml', 4, 42000.00, 168000.00),
(231, 55, 81, 'SP081', 'Nước tăng lực lon', 4, 12000.00, 48000.00),
(232, 55, 41, 'SP041', 'Dầu gội 180ml', 3, 38000.00, 114000.00),
(233, 56, 65, 'SP065', 'Muối i-ốt 500g', 4, 7000.00, 28000.00),
(234, 56, 10, 'SP010', 'Sữa chua uống', 1, 8000.00, 8000.00),
(235, 56, 40, 'SP040', 'Nước xả vải 800ml', 1, 45000.00, 45000.00),
(236, 56, 60, 'SP060', 'Kẹp giấy hộp nhỏ', 3, 12000.00, 36000.00),
(237, 57, 79, 'SP079', 'Ngũ cốc dinh dưỡng', 5, 45000.00, 225000.00),
(238, 57, 77, 'SP077', 'Sữa chua có đường', 4, 6000.00, 24000.00),
(239, 58, 58, 'SP058', 'Keo dán giấy', 2, 7000.00, 14000.00),
(240, 58, 74, 'SP074', 'Cá viên đông lạnh', 3, 48000.00, 144000.00),
(241, 59, 58, 'SP058', 'Keo dán giấy', 3, 7000.00, 21000.00),
(242, 59, 14, 'SP014', 'Mì gói bò rau thơm', 1, 5000.00, 5000.00),
(243, 60, 32, 'SP032', 'Khăn giấy hộp', 4, 22000.00, 88000.00),
(244, 60, 91, 'SP091', 'Pin tiểu AA 2 viên', 4, 24000.00, 96000.00),
(245, 61, 47, 'SP047', 'Băng cá nhân hộp nhỏ', 4, 12000.00, 48000.00),
(246, 61, 48, 'SP048', 'Khẩu trang y tế 10 cái', 4, 15000.00, 60000.00),
(247, 61, 37, 'SP037', 'Túi zipper thực phẩm', 3, 25000.00, 75000.00),
(248, 62, 9, 'SP009', 'Sữa tươi không đường', 4, 9000.00, 36000.00),
(249, 62, 43, 'SP043', 'Kem đánh răng', 3, 28000.00, 84000.00),
(250, 62, 13, 'SP013', 'Mì gói tôm chua cay', 3, 4500.00, 13500.00),
(251, 62, 72, 'SP072', 'Kem que đậu xanh', 5, 10000.00, 50000.00),
(252, 63, 85, 'SP085', 'Rong biển ăn liền', 4, 13000.00, 52000.00),
(253, 63, 19, 'SP019', 'Cơm cháy chà bông', 2, 18000.00, 36000.00),
(254, 63, 45, 'SP045', 'Nước súc miệng 250ml', 5, 48000.00, 240000.00),
(255, 63, 40, 'SP040', 'Nước xả vải 800ml', 1, 45000.00, 45000.00),
(256, 63, 84, 'SP084', 'Bánh flan hộp', 3, 16000.00, 48000.00),
(257, 63, 90, 'SP090', 'Kem chống nắng mini', 5, 69000.00, 345000.00),
(258, 64, 17, 'SP017', 'Bún ăn liền riêu cua', 5, 9500.00, 47500.00),
(259, 64, 86, 'SP086', 'Đậu phộng rang muối', 1, 19000.00, 19000.00),
(260, 64, 90, 'SP090', 'Kem chống nắng mini', 4, 69000.00, 276000.00),
(261, 64, 95, 'SP095', 'Băng keo trong', 5, 10000.00, 50000.00),
(262, 65, 24, 'SP024', 'Snack khoai tây vị BBQ', 4, 16000.00, 64000.00),
(263, 65, 28, 'SP028', 'Bánh gạo vị mặn', 2, 17000.00, 34000.00),
(264, 65, 44, 'SP044', 'Bàn chải đánh răng', 2, 18000.00, 36000.00),
(265, 65, 99, 'SP099', 'Máy tính bỏ túi nhỏ', 2, 65000.00, 130000.00),
(266, 66, 65, 'SP065', 'Muối i-ốt 500g', 5, 7000.00, 35000.00),
(267, 66, 99, 'SP099', 'Máy tính bỏ túi nhỏ', 5, 65000.00, 325000.00),
(268, 67, 17, 'SP017', 'Bún ăn liền riêu cua', 5, 9500.00, 47500.00),
(269, 67, 77, 'SP077', 'Sữa chua có đường', 2, 6000.00, 12000.00),
(270, 67, 49, 'SP049', 'Dung dịch rửa tay 100ml', 4, 25000.00, 100000.00),
(271, 67, 20, 'SP020', 'Bánh mì sandwich', 1, 25000.00, 25000.00),
(272, 67, 21, 'SP021', 'Bánh quy bơ', 4, 25000.00, 100000.00),
(273, 67, 24, 'SP024', 'Snack khoai tây vị BBQ', 3, 16000.00, 48000.00),
(274, 68, 37, 'SP037', 'Túi zipper thực phẩm', 2, 25000.00, 50000.00),
(275, 68, 97, 'SP097', 'Giấy note', 3, 15000.00, 45000.00),
(276, 68, 96, 'SP096', 'Bút highlight', 4, 12000.00, 48000.00),
(277, 68, 58, 'SP058', 'Keo dán giấy', 2, 7000.00, 14000.00),
(278, 68, 30, 'SP030', 'Bánh que phủ socola', 3, 14000.00, 42000.00),
(279, 68, 69, 'SP069', 'Tiêu xay 50g', 5, 20000.00, 100000.00),
(280, 69, 100, 'SP100', 'Balo dây rút', 4, 39000.00, 156000.00),
(281, 69, 49, 'SP049', 'Dung dịch rửa tay 100ml', 2, 25000.00, 50000.00),
(282, 69, 65, 'SP065', 'Muối i-ốt 500g', 2, 7000.00, 14000.00),
(283, 69, 68, 'SP068', 'Bột ngọt 400g', 5, 36000.00, 180000.00),
(284, 70, 83, 'SP083', 'Trà sữa đóng chai', 3, 18000.00, 54000.00),
(285, 70, 62, 'SP062', 'Nước mắm 500ml', 5, 38000.00, 190000.00),
(286, 71, 16, 'SP016', 'Phở ăn liền bò', 4, 10000.00, 40000.00),
(287, 71, 37, 'SP037', 'Túi zipper thực phẩm', 5, 25000.00, 125000.00),
(288, 71, 11, 'SP011', 'Mì ly hải sản', 2, 12000.00, 24000.00),
(289, 71, 98, 'SP098', 'Kéo văn phòng', 4, 22000.00, 88000.00),
(290, 71, 21, 'SP021', 'Bánh quy bơ', 1, 25000.00, 25000.00),
(291, 71, 35, 'SP035', 'Nước lau sàn 1L', 2, 36000.00, 72000.00),
(292, 72, 54, 'SP054', 'Tẩy chì', 4, 3000.00, 12000.00),
(293, 72, 7, 'SP007', 'Nước cam ép hộp', 5, 12000.00, 60000.00),
(294, 73, 48, 'SP048', 'Khẩu trang y tế 10 cái', 1, 15000.00, 15000.00),
(295, 73, 29, 'SP029', 'Bánh trứng hộp nhỏ', 3, 32000.00, 96000.00),
(296, 74, 19, 'SP019', 'Cơm cháy chà bông', 4, 18000.00, 72000.00),
(297, 74, 18, 'SP018', 'Xúc xích tiệt trùng', 2, 7000.00, 14000.00),
(298, 74, 5, 'SP005', 'Cà phê lon', 4, 13000.00, 52000.00),
(299, 74, 37, 'SP037', 'Túi zipper thực phẩm', 4, 25000.00, 100000.00),
(300, 75, 33, 'SP033', 'Giấy vệ sinh 10 cuộn', 2, 58000.00, 116000.00),
(301, 75, 28, 'SP028', 'Bánh gạo vị mặn', 5, 17000.00, 85000.00),
(302, 76, 31, 'SP031', 'Khăn giấy bỏ túi', 2, 7000.00, 14000.00),
(303, 76, 39, 'SP039', 'Bột giặt 800g', 4, 52000.00, 208000.00),
(304, 76, 16, 'SP016', 'Phở ăn liền bò', 5, 10000.00, 50000.00),
(305, 76, 7, 'SP007', 'Nước cam ép hộp', 4, 12000.00, 48000.00),
(306, 77, 77, 'SP077', 'Sữa chua có đường', 5, 6000.00, 30000.00),
(307, 77, 69, 'SP069', 'Tiêu xay 50g', 2, 20000.00, 40000.00),
(308, 77, 3, 'SP003', 'Trà xanh chai 455ml', 2, 10000.00, 20000.00),
(309, 77, 81, 'SP081', 'Nước tăng lực lon', 3, 12000.00, 36000.00),
(310, 77, 66, 'SP066', 'Đường trắng 1kg', 4, 26000.00, 104000.00),
(311, 78, 74, 'SP074', 'Cá viên đông lạnh', 1, 48000.00, 48000.00),
(312, 78, 54, 'SP054', 'Tẩy chì', 5, 3000.00, 15000.00),
(313, 78, 24, 'SP024', 'Snack khoai tây vị BBQ', 3, 16000.00, 48000.00),
(314, 79, 65, 'SP065', 'Muối i-ốt 500g', 4, 7000.00, 28000.00),
(315, 79, 71, 'SP071', 'Kem que socola', 3, 12000.00, 36000.00),
(316, 79, 3, 'SP003', 'Trà xanh chai 455ml', 3, 10000.00, 30000.00),
(317, 79, 50, 'SP050', 'Lăn khử mùi', 1, 52000.00, 52000.00),
(318, 79, 61, 'SP061', 'Dầu ăn 1L', 3, 52000.00, 156000.00),
(319, 79, 6, 'SP006', 'Nước ngọt cola lon', 1, 10000.00, 10000.00),
(320, 80, 99, 'SP099', 'Máy tính bỏ túi nhỏ', 3, 65000.00, 195000.00),
(321, 80, 75, 'SP075', 'Bò viên đông lạnh', 2, 52000.00, 104000.00),
(322, 81, 83, 'SP083', 'Trà sữa đóng chai', 4, 18000.00, 72000.00),
(323, 81, 23, 'SP023', 'Snack khoai tây vị muối', 4, 15000.00, 60000.00),
(324, 81, 100, 'SP100', 'Balo dây rút', 2, 39000.00, 78000.00),
(325, 81, 88, 'SP088', 'Nước rửa tay khô 250ml', 2, 45000.00, 90000.00),
(326, 82, 5, 'SP005', 'Cà phê lon', 3, 13000.00, 39000.00),
(327, 82, 38, 'SP038', 'Miếng rửa chén', 5, 8000.00, 40000.00),
(328, 82, 26, 'SP026', 'Kẹo dẻo trái cây', 4, 18000.00, 72000.00),
(329, 82, 6, 'SP006', 'Nước ngọt cola lon', 5, 10000.00, 50000.00),
(330, 82, 41, 'SP041', 'Dầu gội 180ml', 4, 38000.00, 152000.00),
(331, 83, 37, 'SP037', 'Túi zipper thực phẩm', 1, 25000.00, 25000.00),
(332, 83, 46, 'SP046', 'Dao cạo râu', 3, 16000.00, 48000.00),
(333, 83, 100, 'SP100', 'Balo dây rút', 3, 39000.00, 117000.00),
(334, 84, 52, 'SP052', 'Bút bi đen', 2, 4000.00, 8000.00),
(335, 84, 96, 'SP096', 'Bút highlight', 4, 12000.00, 48000.00),
(336, 84, 57, 'SP057', 'Tập học sinh 96 trang', 4, 9000.00, 36000.00),
(337, 84, 50, 'SP050', 'Lăn khử mùi', 3, 52000.00, 156000.00),
(338, 84, 44, 'SP044', 'Bàn chải đánh răng', 5, 18000.00, 90000.00),
(339, 85, 11, 'SP011', 'Mì ly hải sản', 3, 12000.00, 36000.00),
(340, 85, 56, 'SP056', 'Sổ tay A5', 3, 18000.00, 54000.00),
(341, 85, 78, 'SP078', 'Phô mai miếng', 1, 36000.00, 36000.00),
(342, 85, 24, 'SP024', 'Snack khoai tây vị BBQ', 1, 16000.00, 16000.00),
(343, 85, 70, 'SP070', 'Sốt mayonnaise 130g', 3, 28000.00, 84000.00),
(344, 86, 92, 'SP092', 'Pin tiểu AAA 2 viên', 4, 24000.00, 96000.00),
(345, 86, 55, 'SP055', 'Thước kẻ 20cm', 1, 5000.00, 5000.00),
(346, 86, 22, 'SP022', 'Bánh quy socola', 3, 27000.00, 81000.00),
(347, 86, 89, 'SP089', 'Dầu xả tóc 180ml', 5, 39000.00, 195000.00),
(348, 86, 57, 'SP057', 'Tập học sinh 96 trang', 4, 9000.00, 36000.00),
(349, 86, 45, 'SP045', 'Nước súc miệng 250ml', 3, 48000.00, 144000.00),
(350, 87, 47, 'SP047', 'Băng cá nhân hộp nhỏ', 1, 12000.00, 12000.00),
(351, 87, 66, 'SP066', 'Đường trắng 1kg', 2, 26000.00, 52000.00),
(352, 87, 96, 'SP096', 'Bút highlight', 5, 12000.00, 60000.00),
(353, 87, 87, 'SP087', 'Bắp rang bơ', 4, 22000.00, 88000.00),
(354, 87, 21, 'SP021', 'Bánh quy bơ', 1, 25000.00, 25000.00),
(355, 88, 47, 'SP047', 'Băng cá nhân hộp nhỏ', 5, 12000.00, 60000.00),
(356, 88, 50, 'SP050', 'Lăn khử mùi', 2, 52000.00, 104000.00),
(357, 88, 73, 'SP073', 'Há cảo đông lạnh', 4, 55000.00, 220000.00),
(358, 88, 5, 'SP005', 'Cà phê lon', 3, 13000.00, 39000.00),
(359, 89, 74, 'SP074', 'Cá viên đông lạnh', 5, 48000.00, 240000.00),
(360, 89, 18, 'SP018', 'Xúc xích tiệt trùng', 3, 7000.00, 21000.00),
(361, 90, 32, 'SP032', 'Khăn giấy hộp', 2, 22000.00, 44000.00),
(362, 90, 15, 'SP015', 'Cháo ăn liền thịt bằm', 4, 9000.00, 36000.00),
(363, 90, 4, 'SP004', 'Trà ô long chai 455ml', 5, 11000.00, 55000.00),
(364, 90, 95, 'SP095', 'Băng keo trong', 4, 10000.00, 40000.00),
(365, 91, 91, 'SP091', 'Pin tiểu AA 2 viên', 3, 24000.00, 72000.00),
(366, 91, 58, 'SP058', 'Keo dán giấy', 4, 7000.00, 28000.00),
(367, 91, 28, 'SP028', 'Bánh gạo vị mặn', 2, 17000.00, 34000.00),
(368, 91, 79, 'SP079', 'Ngũ cốc dinh dưỡng', 1, 45000.00, 45000.00),
(369, 92, 23, 'SP023', 'Snack khoai tây vị muối', 3, 15000.00, 45000.00),
(370, 92, 92, 'SP092', 'Pin tiểu AAA 2 viên', 3, 24000.00, 72000.00),
(371, 92, 57, 'SP057', 'Tập học sinh 96 trang', 1, 9000.00, 9000.00),
(372, 92, 12, 'SP012', 'Mì ly bò cay', 5, 12500.00, 62500.00),
(373, 92, 88, 'SP088', 'Nước rửa tay khô 250ml', 5, 45000.00, 225000.00),
(374, 93, 92, 'SP092', 'Pin tiểu AAA 2 viên', 2, 24000.00, 48000.00),
(375, 93, 91, 'SP091', 'Pin tiểu AA 2 viên', 3, 24000.00, 72000.00),
(376, 93, 90, 'SP090', 'Kem chống nắng mini', 5, 69000.00, 345000.00),
(377, 94, 18, 'SP018', 'Xúc xích tiệt trùng', 1, 7000.00, 7000.00),
(378, 94, 31, 'SP031', 'Khăn giấy bỏ túi', 3, 7000.00, 21000.00),
(379, 94, 64, 'SP064', 'Tương ớt 250g', 5, 18000.00, 90000.00),
(380, 95, 17, 'SP017', 'Bún ăn liền riêu cua', 4, 9500.00, 38000.00),
(381, 95, 79, 'SP079', 'Ngũ cốc dinh dưỡng', 5, 45000.00, 225000.00),
(382, 95, 12, 'SP012', 'Mì ly bò cay', 4, 12500.00, 50000.00),
(383, 95, 9, 'SP009', 'Sữa tươi không đường', 4, 9000.00, 36000.00),
(384, 95, 40, 'SP040', 'Nước xả vải 800ml', 5, 45000.00, 225000.00),
(385, 95, 51, 'SP051', 'Bút bi xanh', 1, 4000.00, 4000.00),
(386, 96, 58, 'SP058', 'Keo dán giấy', 5, 7000.00, 35000.00),
(387, 96, 60, 'SP060', 'Kẹp giấy hộp nhỏ', 3, 12000.00, 36000.00),
(388, 97, 82, 'SP082', 'Nước khoáng có gas', 5, 14000.00, 70000.00),
(389, 97, 76, 'SP076', 'Khoai tây chiên đông lạnh', 1, 46000.00, 46000.00),
(390, 97, 24, 'SP024', 'Snack khoai tây vị BBQ', 1, 16000.00, 16000.00),
(391, 97, 99, 'SP099', 'Máy tính bỏ túi nhỏ', 5, 65000.00, 325000.00),
(392, 97, 17, 'SP017', 'Bún ăn liền riêu cua', 2, 9500.00, 19000.00),
(393, 97, 56, 'SP056', 'Sổ tay A5', 3, 18000.00, 54000.00),
(394, 98, 45, 'SP045', 'Nước súc miệng 250ml', 1, 48000.00, 48000.00),
(395, 98, 67, 'SP067', 'Hạt nêm 400g', 3, 42000.00, 126000.00),
(396, 98, 37, 'SP037', 'Túi zipper thực phẩm', 2, 25000.00, 50000.00),
(397, 99, 79, 'SP079', 'Ngũ cốc dinh dưỡng', 2, 45000.00, 90000.00),
(398, 99, 69, 'SP069', 'Tiêu xay 50g', 5, 20000.00, 100000.00),
(399, 99, 12, 'SP012', 'Mì ly bò cay', 5, 12500.00, 62500.00),
(400, 99, 65, 'SP065', 'Muối i-ốt 500g', 2, 7000.00, 14000.00),
(401, 100, 44, 'SP044', 'Bàn chải đánh răng', 5, 18000.00, 90000.00),
(402, 100, 73, 'SP073', 'Há cảo đông lạnh', 3, 55000.00, 165000.00),
(403, 100, 6, 'SP006', 'Nước ngọt cola lon', 2, 10000.00, 20000.00),
(404, 100, 4, 'SP004', 'Trà ô long chai 455ml', 5, 11000.00, 55000.00),
(405, 100, 11, 'SP011', 'Mì ly hải sản', 4, 12000.00, 48000.00),
(406, 100, 83, 'SP083', 'Trà sữa đóng chai', 5, 18000.00, 90000.00),
(407, 101, 38, 'SP038', 'Miếng rửa chén', 4, 8000.00, 32000.00),
(408, 101, 83, 'SP083', 'Trà sữa đóng chai', 3, 18000.00, 54000.00),
(409, 101, 39, 'SP039', 'Bột giặt 800g', 4, 52000.00, 208000.00),
(410, 101, 62, 'SP062', 'Nước mắm 500ml', 1, 38000.00, 38000.00),
(411, 101, 32, 'SP032', 'Khăn giấy hộp', 1, 22000.00, 22000.00),
(412, 101, 88, 'SP088', 'Nước rửa tay khô 250ml', 2, 45000.00, 90000.00),
(413, 102, 27, 'SP027', 'Socola thanh nhỏ', 3, 22000.00, 66000.00),
(414, 102, 44, 'SP044', 'Bàn chải đánh răng', 3, 18000.00, 54000.00),
(415, 102, 78, 'SP078', 'Phô mai miếng', 4, 36000.00, 144000.00),
(416, 102, 19, 'SP019', 'Cơm cháy chà bông', 2, 18000.00, 36000.00),
(417, 102, 41, 'SP041', 'Dầu gội 180ml', 3, 38000.00, 114000.00),
(418, 103, 31, 'SP031', 'Khăn giấy bỏ túi', 4, 7000.00, 28000.00),
(419, 103, 60, 'SP060', 'Kẹp giấy hộp nhỏ', 2, 12000.00, 24000.00),
(420, 103, 16, 'SP016', 'Phở ăn liền bò', 2, 10000.00, 20000.00),
(421, 103, 35, 'SP035', 'Nước lau sàn 1L', 1, 36000.00, 36000.00),
(422, 104, 79, 'SP079', 'Ngũ cốc dinh dưỡng', 5, 45000.00, 225000.00),
(423, 104, 54, 'SP054', 'Tẩy chì', 3, 3000.00, 9000.00),
(424, 104, 32, 'SP032', 'Khăn giấy hộp', 2, 22000.00, 44000.00),
(425, 104, 21, 'SP021', 'Bánh quy bơ', 2, 25000.00, 50000.00),
(426, 104, 42, 'SP042', 'Sữa tắm 200ml', 4, 42000.00, 168000.00),
(427, 105, 64, 'SP064', 'Tương ớt 250g', 5, 18000.00, 90000.00),
(428, 105, 3, 'SP003', 'Trà xanh chai 455ml', 4, 10000.00, 40000.00),
(429, 105, 12, 'SP012', 'Mì ly bò cay', 2, 12500.00, 25000.00),
(430, 105, 51, 'SP051', 'Bút bi xanh', 2, 4000.00, 8000.00),
(431, 106, 64, 'SP064', 'Tương ớt 250g', 4, 18000.00, 72000.00),
(432, 106, 77, 'SP077', 'Sữa chua có đường', 3, 6000.00, 18000.00),
(433, 106, 84, 'SP084', 'Bánh flan hộp', 5, 16000.00, 80000.00),
(434, 106, 87, 'SP087', 'Bắp rang bơ', 1, 22000.00, 22000.00),
(435, 107, 94, 'SP094', 'Ổ cắm điện 3 lỗ', 3, 65000.00, 195000.00),
(436, 107, 47, 'SP047', 'Băng cá nhân hộp nhỏ', 1, 12000.00, 12000.00),
(437, 107, 98, 'SP098', 'Kéo văn phòng', 4, 22000.00, 88000.00),
(438, 107, 52, 'SP052', 'Bút bi đen', 1, 4000.00, 4000.00),
(439, 108, 10, 'SP010', 'Sữa chua uống', 5, 8000.00, 40000.00),
(440, 108, 50, 'SP050', 'Lăn khử mùi', 3, 52000.00, 156000.00),
(441, 108, 65, 'SP065', 'Muối i-ốt 500g', 5, 7000.00, 35000.00),
(442, 108, 58, 'SP058', 'Keo dán giấy', 5, 7000.00, 35000.00),
(443, 109, 51, 'SP051', 'Bút bi xanh', 3, 4000.00, 12000.00),
(444, 109, 48, 'SP048', 'Khẩu trang y tế 10 cái', 5, 15000.00, 75000.00),
(445, 110, 78, 'SP078', 'Phô mai miếng', 5, 36000.00, 180000.00),
(446, 110, 66, 'SP066', 'Đường trắng 1kg', 1, 26000.00, 26000.00),
(447, 110, 52, 'SP052', 'Bút bi đen', 1, 4000.00, 4000.00),
(448, 111, 61, 'SP061', 'Dầu ăn 1L', 5, 52000.00, 260000.00),
(449, 111, 67, 'SP067', 'Hạt nêm 400g', 5, 42000.00, 210000.00),
(450, 111, 59, 'SP059', 'Bìa hồ sơ', 2, 6000.00, 12000.00),
(451, 111, 20, 'SP020', 'Bánh mì sandwich', 3, 25000.00, 75000.00),
(452, 112, 95, 'SP095', 'Băng keo trong', 5, 10000.00, 50000.00),
(453, 112, 39, 'SP039', 'Bột giặt 800g', 4, 52000.00, 208000.00),
(454, 112, 76, 'SP076', 'Khoai tây chiên đông lạnh', 5, 46000.00, 230000.00),
(455, 112, 44, 'SP044', 'Bàn chải đánh răng', 3, 18000.00, 54000.00),
(456, 112, 65, 'SP065', 'Muối i-ốt 500g', 4, 7000.00, 28000.00),
(457, 112, 66, 'SP066', 'Đường trắng 1kg', 1, 26000.00, 26000.00),
(458, 113, 54, 'SP054', 'Tẩy chì', 3, 3000.00, 9000.00),
(459, 113, 75, 'SP075', 'Bò viên đông lạnh', 1, 52000.00, 52000.00),
(460, 114, 74, 'SP074', 'Cá viên đông lạnh', 2, 48000.00, 96000.00),
(461, 114, 30, 'SP030', 'Bánh que phủ socola', 5, 14000.00, 70000.00),
(462, 114, 93, 'SP093', 'Bóng đèn LED 9W', 5, 38000.00, 190000.00),
(463, 114, 7, 'SP007', 'Nước cam ép hộp', 4, 12000.00, 48000.00),
(464, 114, 75, 'SP075', 'Bò viên đông lạnh', 2, 52000.00, 104000.00),
(465, 114, 62, 'SP062', 'Nước mắm 500ml', 2, 38000.00, 76000.00),
(466, 115, 25, 'SP025', 'Kẹo bạc hà', 4, 12000.00, 48000.00),
(467, 115, 3, 'SP003', 'Trà xanh chai 455ml', 3, 10000.00, 30000.00),
(468, 116, 53, 'SP053', 'Bút chì 2B', 5, 3500.00, 17500.00),
(469, 116, 65, 'SP065', 'Muối i-ốt 500g', 4, 7000.00, 28000.00),
(470, 116, 100, 'SP100', 'Balo dây rút', 1, 39000.00, 39000.00),
(471, 117, 42, 'SP042', 'Sữa tắm 200ml', 2, 42000.00, 84000.00),
(472, 117, 85, 'SP085', 'Rong biển ăn liền', 4, 13000.00, 52000.00),
(473, 117, 62, 'SP062', 'Nước mắm 500ml', 5, 38000.00, 190000.00),
(474, 117, 68, 'SP068', 'Bột ngọt 400g', 3, 36000.00, 108000.00),
(475, 117, 49, 'SP049', 'Dung dịch rửa tay 100ml', 5, 25000.00, 125000.00),
(476, 117, 41, 'SP041', 'Dầu gội 180ml', 3, 38000.00, 114000.00),
(477, 118, 32, 'SP032', 'Khăn giấy hộp', 3, 22000.00, 66000.00),
(478, 118, 36, 'SP036', 'Túi rác cuộn nhỏ', 2, 18000.00, 36000.00),
(479, 118, 72, 'SP072', 'Kem que đậu xanh', 3, 10000.00, 30000.00),
(480, 119, 41, 'SP041', 'Dầu gội 180ml', 3, 38000.00, 114000.00),
(481, 119, 62, 'SP062', 'Nước mắm 500ml', 3, 38000.00, 114000.00),
(482, 119, 45, 'SP045', 'Nước súc miệng 250ml', 1, 48000.00, 48000.00),
(483, 119, 72, 'SP072', 'Kem que đậu xanh', 5, 10000.00, 50000.00),
(484, 119, 93, 'SP093', 'Bóng đèn LED 9W', 5, 38000.00, 190000.00),
(485, 120, 45, 'SP045', 'Nước súc miệng 250ml', 3, 48000.00, 144000.00),
(486, 120, 99, 'SP099', 'Máy tính bỏ túi nhỏ', 1, 65000.00, 65000.00),
(487, 120, 19, 'SP019', 'Cơm cháy chà bông', 3, 18000.00, 54000.00),
(488, 120, 38, 'SP038', 'Miếng rửa chén', 4, 8000.00, 32000.00),
(489, 120, 6, 'SP006', 'Nước ngọt cola lon', 3, 10000.00, 30000.00),
(490, 121, 35, 'SP035', 'Nước lau sàn 1L', 5, 36000.00, 180000.00),
(491, 121, 72, 'SP072', 'Kem que đậu xanh', 2, 10000.00, 20000.00),
(492, 121, 90, 'SP090', 'Kem chống nắng mini', 2, 69000.00, 138000.00),
(493, 121, 18, 'SP018', 'Xúc xích tiệt trùng', 1, 7000.00, 7000.00),
(494, 121, 14, 'SP014', 'Mì gói bò rau thơm', 5, 5000.00, 25000.00),
(495, 121, 79, 'SP079', 'Ngũ cốc dinh dưỡng', 2, 45000.00, 90000.00),
(496, 122, 43, 'SP043', 'Kem đánh răng', 2, 28000.00, 56000.00),
(497, 122, 92, 'SP092', 'Pin tiểu AAA 2 viên', 1, 24000.00, 24000.00),
(498, 122, 61, 'SP061', 'Dầu ăn 1L', 5, 52000.00, 260000.00),
(499, 122, 13, 'SP013', 'Mì gói tôm chua cay', 2, 4500.00, 9000.00),
(500, 122, 88, 'SP088', 'Nước rửa tay khô 250ml', 4, 45000.00, 180000.00),
(501, 123, 97, 'SP097', 'Giấy note', 3, 15000.00, 45000.00),
(502, 123, 37, 'SP037', 'Túi zipper thực phẩm', 1, 25000.00, 25000.00),
(503, 123, 42, 'SP042', 'Sữa tắm 200ml', 1, 42000.00, 42000.00),
(504, 124, 23, 'SP023', 'Snack khoai tây vị muối', 2, 15000.00, 30000.00),
(505, 124, 54, 'SP054', 'Tẩy chì', 1, 3000.00, 3000.00),
(506, 125, 96, 'SP096', 'Bút highlight', 1, 12000.00, 12000.00),
(507, 125, 38, 'SP038', 'Miếng rửa chén', 3, 8000.00, 24000.00),
(508, 125, 5, 'SP005', 'Cà phê lon', 5, 13000.00, 65000.00),
(509, 126, 37, 'SP037', 'Túi zipper thực phẩm', 5, 25000.00, 125000.00),
(510, 126, 59, 'SP059', 'Bìa hồ sơ', 4, 6000.00, 24000.00),
(511, 126, 83, 'SP083', 'Trà sữa đóng chai', 2, 18000.00, 36000.00),
(512, 126, 70, 'SP070', 'Sốt mayonnaise 130g', 5, 28000.00, 140000.00),
(513, 127, 43, 'SP043', 'Kem đánh răng', 4, 28000.00, 112000.00),
(514, 127, 21, 'SP021', 'Bánh quy bơ', 3, 25000.00, 75000.00),
(515, 128, 38, 'SP038', 'Miếng rửa chén', 2, 8000.00, 16000.00),
(516, 128, 73, 'SP073', 'Há cảo đông lạnh', 2, 55000.00, 110000.00),
(517, 128, 87, 'SP087', 'Bắp rang bơ', 5, 22000.00, 110000.00),
(518, 128, 97, 'SP097', 'Giấy note', 4, 15000.00, 60000.00),
(519, 129, 52, 'SP052', 'Bút bi đen', 1, 4000.00, 4000.00),
(520, 129, 86, 'SP086', 'Đậu phộng rang muối', 2, 19000.00, 38000.00),
(521, 130, 1, 'SP001', 'Nước suối 500ml', 2, 5000.00, 10000.00),
(522, 130, 34, 'SP034', 'Nước rửa chén 750ml', 4, 28000.00, 112000.00),
(523, 130, 50, 'SP050', 'Lăn khử mùi', 3, 52000.00, 156000.00),
(524, 131, 2, 'SP002', 'Nước suối 1.5L', 1, 9000.00, 9000.00),
(525, 131, 34, 'SP034', 'Nước rửa chén 750ml', 1, 28000.00, 28000.00),
(526, 131, 84, 'SP084', 'Bánh flan hộp', 4, 16000.00, 64000.00),
(527, 131, 47, 'SP047', 'Băng cá nhân hộp nhỏ', 3, 12000.00, 36000.00),
(528, 131, 89, 'SP089', 'Dầu xả tóc 180ml', 2, 39000.00, 78000.00),
(529, 131, 31, 'SP031', 'Khăn giấy bỏ túi', 4, 7000.00, 28000.00),
(530, 132, 89, 'SP089', 'Dầu xả tóc 180ml', 3, 39000.00, 117000.00),
(531, 132, 16, 'SP016', 'Phở ăn liền bò', 5, 10000.00, 50000.00),
(532, 132, 82, 'SP082', 'Nước khoáng có gas', 2, 14000.00, 28000.00),
(533, 132, 38, 'SP038', 'Miếng rửa chén', 2, 8000.00, 16000.00),
(534, 133, 96, 'SP096', 'Bút highlight', 5, 12000.00, 60000.00),
(535, 133, 78, 'SP078', 'Phô mai miếng', 4, 36000.00, 144000.00),
(536, 133, 48, 'SP048', 'Khẩu trang y tế 10 cái', 5, 15000.00, 75000.00),
(537, 133, 54, 'SP054', 'Tẩy chì', 2, 3000.00, 6000.00),
(538, 133, 90, 'SP090', 'Kem chống nắng mini', 2, 69000.00, 138000.00),
(539, 134, 91, 'SP091', 'Pin tiểu AA 2 viên', 5, 24000.00, 120000.00),
(540, 134, 47, 'SP047', 'Băng cá nhân hộp nhỏ', 5, 12000.00, 60000.00),
(541, 134, 10, 'SP010', 'Sữa chua uống', 2, 8000.00, 16000.00),
(542, 134, 73, 'SP073', 'Há cảo đông lạnh', 5, 55000.00, 275000.00),
(543, 134, 15, 'SP015', 'Cháo ăn liền thịt bằm', 5, 9000.00, 45000.00),
(544, 134, 8, 'SP008', 'Sữa tươi có đường', 2, 9000.00, 18000.00),
(545, 135, 57, 'SP057', 'Tập học sinh 96 trang', 4, 9000.00, 36000.00),
(546, 135, 15, 'SP015', 'Cháo ăn liền thịt bằm', 1, 9000.00, 9000.00),
(547, 135, 88, 'SP088', 'Nước rửa tay khô 250ml', 5, 45000.00, 225000.00),
(548, 135, 27, 'SP027', 'Socola thanh nhỏ', 4, 22000.00, 88000.00),
(549, 135, 92, 'SP092', 'Pin tiểu AAA 2 viên', 1, 24000.00, 24000.00),
(550, 135, 75, 'SP075', 'Bò viên đông lạnh', 4, 52000.00, 208000.00),
(551, 136, 73, 'SP073', 'Há cảo đông lạnh', 3, 55000.00, 165000.00),
(552, 136, 8, 'SP008', 'Sữa tươi có đường', 1, 9000.00, 9000.00),
(553, 136, 72, 'SP072', 'Kem que đậu xanh', 4, 10000.00, 40000.00),
(554, 136, 60, 'SP060', 'Kẹp giấy hộp nhỏ', 3, 12000.00, 36000.00),
(555, 136, 87, 'SP087', 'Bắp rang bơ', 1, 22000.00, 22000.00),
(556, 137, 55, 'SP055', 'Thước kẻ 20cm', 1, 5000.00, 5000.00),
(557, 137, 45, 'SP045', 'Nước súc miệng 250ml', 5, 48000.00, 240000.00),
(558, 138, 61, 'SP061', 'Dầu ăn 1L', 3, 52000.00, 156000.00),
(559, 138, 5, 'SP005', 'Cà phê lon', 4, 13000.00, 52000.00),
(560, 139, 48, 'SP048', 'Khẩu trang y tế 10 cái', 5, 15000.00, 75000.00),
(561, 139, 49, 'SP049', 'Dung dịch rửa tay 100ml', 2, 25000.00, 50000.00),
(562, 139, 58, 'SP058', 'Keo dán giấy', 3, 7000.00, 21000.00),
(563, 139, 11, 'SP011', 'Mì ly hải sản', 1, 12000.00, 12000.00),
(564, 139, 88, 'SP088', 'Nước rửa tay khô 250ml', 2, 45000.00, 90000.00),
(565, 140, 94, 'SP094', 'Ổ cắm điện 3 lỗ', 1, 65000.00, 65000.00),
(566, 140, 29, 'SP029', 'Bánh trứng hộp nhỏ', 3, 32000.00, 96000.00),
(567, 140, 1, 'SP001', 'Nước suối 500ml', 4, 5000.00, 20000.00),
(568, 141, 30, 'SP030', 'Bánh que phủ socola', 3, 14000.00, 42000.00),
(569, 141, 32, 'SP032', 'Khăn giấy hộp', 2, 22000.00, 44000.00),
(570, 141, 59, 'SP059', 'Bìa hồ sơ', 1, 6000.00, 6000.00),
(571, 141, 45, 'SP045', 'Nước súc miệng 250ml', 1, 48000.00, 48000.00),
(572, 141, 20, 'SP020', 'Bánh mì sandwich', 4, 25000.00, 100000.00),
(573, 142, 13, 'SP013', 'Mì gói tôm chua cay', 1, 4500.00, 4500.00),
(574, 142, 77, 'SP077', 'Sữa chua có đường', 4, 6000.00, 24000.00),
(575, 143, 52, 'SP052', 'Bút bi đen', 2, 4000.00, 8000.00),
(576, 143, 57, 'SP057', 'Tập học sinh 96 trang', 5, 9000.00, 45000.00),
(577, 144, 18, 'SP018', 'Xúc xích tiệt trùng', 3, 7000.00, 21000.00),
(578, 144, 65, 'SP065', 'Muối i-ốt 500g', 2, 7000.00, 14000.00),
(579, 145, 31, 'SP031', 'Khăn giấy bỏ túi', 5, 7000.00, 35000.00),
(580, 145, 39, 'SP039', 'Bột giặt 800g', 2, 52000.00, 104000.00),
(581, 145, 19, 'SP019', 'Cơm cháy chà bông', 4, 18000.00, 72000.00),
(582, 145, 85, 'SP085', 'Rong biển ăn liền', 3, 13000.00, 39000.00),
(583, 146, 95, 'SP095', 'Băng keo trong', 4, 10000.00, 40000.00),
(584, 146, 23, 'SP023', 'Snack khoai tây vị muối', 1, 15000.00, 15000.00),
(585, 146, 81, 'SP081', 'Nước tăng lực lon', 3, 12000.00, 36000.00),
(586, 146, 87, 'SP087', 'Bắp rang bơ', 4, 22000.00, 88000.00),
(587, 146, 55, 'SP055', 'Thước kẻ 20cm', 5, 5000.00, 25000.00),
(588, 146, 72, 'SP072', 'Kem que đậu xanh', 3, 10000.00, 30000.00),
(589, 147, 49, 'SP049', 'Dung dịch rửa tay 100ml', 4, 25000.00, 100000.00),
(590, 147, 24, 'SP024', 'Snack khoai tây vị BBQ', 2, 16000.00, 32000.00),
(591, 147, 97, 'SP097', 'Giấy note', 2, 15000.00, 30000.00),
(592, 147, 69, 'SP069', 'Tiêu xay 50g', 3, 20000.00, 60000.00),
(593, 148, 72, 'SP072', 'Kem que đậu xanh', 4, 10000.00, 40000.00),
(594, 148, 53, 'SP053', 'Bút chì 2B', 5, 3500.00, 17500.00),
(595, 149, 33, 'SP033', 'Giấy vệ sinh 10 cuộn', 1, 58000.00, 58000.00),
(596, 149, 27, 'SP027', 'Socola thanh nhỏ', 4, 22000.00, 88000.00),
(597, 149, 43, 'SP043', 'Kem đánh răng', 3, 28000.00, 84000.00),
(598, 150, 7, 'SP007', 'Nước cam ép hộp', 5, 12000.00, 60000.00),
(599, 150, 35, 'SP035', 'Nước lau sàn 1L', 5, 36000.00, 180000.00),
(600, 150, 49, 'SP049', 'Dung dịch rửa tay 100ml', 1, 25000.00, 25000.00),
(601, 151, 93, 'SP093', 'Bóng đèn LED 9W', 3, 38000.00, 114000.00),
(602, 151, 86, 'SP086', 'Đậu phộng rang muối', 3, 19000.00, 57000.00),
(603, 151, 72, 'SP072', 'Kem que đậu xanh', 1, 10000.00, 10000.00),
(604, 151, 28, 'SP028', 'Bánh gạo vị mặn', 2, 17000.00, 34000.00),
(605, 151, 62, 'SP062', 'Nước mắm 500ml', 2, 38000.00, 76000.00),
(606, 151, 27, 'SP027', 'Socola thanh nhỏ', 1, 22000.00, 22000.00),
(607, 152, 91, 'SP091', 'Pin tiểu AA 2 viên', 3, 24000.00, 72000.00),
(608, 152, 27, 'SP027', 'Socola thanh nhỏ', 4, 22000.00, 88000.00),
(609, 152, 51, 'SP051', 'Bút bi xanh', 4, 4000.00, 16000.00),
(610, 152, 31, 'SP031', 'Khăn giấy bỏ túi', 5, 7000.00, 35000.00),
(611, 152, 71, 'SP071', 'Kem que socola', 3, 12000.00, 36000.00),
(612, 152, 42, 'SP042', 'Sữa tắm 200ml', 3, 42000.00, 126000.00),
(613, 153, 60, 'SP060', 'Kẹp giấy hộp nhỏ', 3, 12000.00, 36000.00),
(614, 153, 13, 'SP013', 'Mì gói tôm chua cay', 2, 4500.00, 9000.00),
(615, 153, 93, 'SP093', 'Bóng đèn LED 9W', 3, 38000.00, 114000.00),
(616, 153, 61, 'SP061', 'Dầu ăn 1L', 3, 52000.00, 156000.00),
(617, 153, 98, 'SP098', 'Kéo văn phòng', 4, 22000.00, 88000.00),
(618, 154, 95, 'SP095', 'Băng keo trong', 3, 10000.00, 30000.00),
(619, 154, 19, 'SP019', 'Cơm cháy chà bông', 5, 18000.00, 90000.00),
(620, 154, 3, 'SP003', 'Trà xanh chai 455ml', 5, 10000.00, 50000.00),
(621, 155, 43, 'SP043', 'Kem đánh răng', 5, 28000.00, 140000.00),
(622, 155, 30, 'SP030', 'Bánh que phủ socola', 2, 14000.00, 28000.00),
(623, 155, 49, 'SP049', 'Dung dịch rửa tay 100ml', 4, 25000.00, 100000.00),
(624, 156, 93, 'SP093', 'Bóng đèn LED 9W', 2, 38000.00, 76000.00),
(625, 156, 83, 'SP083', 'Trà sữa đóng chai', 3, 18000.00, 54000.00),
(626, 156, 95, 'SP095', 'Băng keo trong', 2, 10000.00, 20000.00),
(627, 156, 63, 'SP063', 'Nước tương 500ml', 2, 25000.00, 50000.00),
(628, 156, 59, 'SP059', 'Bìa hồ sơ', 5, 6000.00, 30000.00),
(629, 157, 83, 'SP083', 'Trà sữa đóng chai', 1, 18000.00, 18000.00),
(630, 157, 8, 'SP008', 'Sữa tươi có đường', 1, 9000.00, 9000.00),
(631, 157, 68, 'SP068', 'Bột ngọt 400g', 4, 36000.00, 144000.00),
(632, 157, 5, 'SP005', 'Cà phê lon', 2, 13000.00, 26000.00),
(633, 157, 10, 'SP010', 'Sữa chua uống', 2, 8000.00, 16000.00),
(634, 157, 86, 'SP086', 'Đậu phộng rang muối', 1, 19000.00, 19000.00),
(635, 158, 59, 'SP059', 'Bìa hồ sơ', 5, 6000.00, 30000.00),
(636, 158, 48, 'SP048', 'Khẩu trang y tế 10 cái', 4, 15000.00, 60000.00),
(637, 158, 8, 'SP008', 'Sữa tươi có đường', 4, 9000.00, 36000.00),
(638, 158, 80, 'SP080', 'Yến mạch ăn liền', 1, 52000.00, 52000.00),
(639, 158, 82, 'SP082', 'Nước khoáng có gas', 1, 14000.00, 14000.00),
(640, 158, 86, 'SP086', 'Đậu phộng rang muối', 5, 19000.00, 95000.00),
(641, 159, 93, 'SP093', 'Bóng đèn LED 9W', 4, 38000.00, 152000.00),
(642, 159, 36, 'SP036', 'Túi rác cuộn nhỏ', 2, 18000.00, 36000.00),
(643, 159, 69, 'SP069', 'Tiêu xay 50g', 1, 20000.00, 20000.00),
(644, 159, 37, 'SP037', 'Túi zipper thực phẩm', 1, 25000.00, 25000.00),
(645, 159, 3, 'SP003', 'Trà xanh chai 455ml', 5, 10000.00, 50000.00),
(646, 159, 65, 'SP065', 'Muối i-ốt 500g', 2, 7000.00, 14000.00),
(647, 160, 33, 'SP033', 'Giấy vệ sinh 10 cuộn', 4, 58000.00, 232000.00),
(648, 160, 46, 'SP046', 'Dao cạo râu', 4, 16000.00, 64000.00),
(649, 160, 35, 'SP035', 'Nước lau sàn 1L', 5, 36000.00, 180000.00),
(650, 160, 51, 'SP051', 'Bút bi xanh', 2, 4000.00, 8000.00),
(651, 160, 11, 'SP011', 'Mì ly hải sản', 2, 12000.00, 24000.00),
(652, 160, 48, 'SP048', 'Khẩu trang y tế 10 cái', 3, 15000.00, 45000.00),
(653, 161, 12, 'SP012', 'Mì ly bò cay', 4, 12500.00, 50000.00),
(654, 161, 52, 'SP052', 'Bút bi đen', 4, 4000.00, 16000.00),
(655, 162, 90, 'SP090', 'Kem chống nắng mini', 1, 69000.00, 69000.00),
(656, 162, 22, 'SP022', 'Bánh quy socola', 4, 27000.00, 108000.00),
(657, 163, 73, 'SP073', 'Há cảo đông lạnh', 2, 55000.00, 110000.00),
(658, 163, 13, 'SP013', 'Mì gói tôm chua cay', 2, 4500.00, 9000.00),
(659, 163, 68, 'SP068', 'Bột ngọt 400g', 5, 36000.00, 180000.00),
(660, 163, 6, 'SP006', 'Nước ngọt cola lon', 4, 10000.00, 40000.00),
(661, 164, 88, 'SP088', 'Nước rửa tay khô 250ml', 5, 45000.00, 225000.00),
(662, 164, 36, 'SP036', 'Túi rác cuộn nhỏ', 5, 18000.00, 90000.00),
(663, 165, 3, 'SP003', 'Trà xanh chai 455ml', 4, 10000.00, 40000.00),
(664, 165, 27, 'SP027', 'Socola thanh nhỏ', 1, 22000.00, 22000.00),
(665, 165, 76, 'SP076', 'Khoai tây chiên đông lạnh', 3, 46000.00, 138000.00),
(666, 165, 19, 'SP019', 'Cơm cháy chà bông', 2, 18000.00, 36000.00),
(667, 166, 87, 'SP087', 'Bắp rang bơ', 2, 22000.00, 44000.00),
(668, 166, 70, 'SP070', 'Sốt mayonnaise 130g', 1, 28000.00, 28000.00),
(669, 166, 43, 'SP043', 'Kem đánh răng', 5, 28000.00, 140000.00),
(670, 166, 50, 'SP050', 'Lăn khử mùi', 3, 52000.00, 156000.00),
(671, 166, 97, 'SP097', 'Giấy note', 1, 15000.00, 15000.00),
(672, 167, 44, 'SP044', 'Bàn chải đánh răng', 5, 18000.00, 90000.00),
(673, 167, 78, 'SP078', 'Phô mai miếng', 5, 36000.00, 180000.00),
(674, 168, 4, 'SP004', 'Trà ô long chai 455ml', 4, 11000.00, 44000.00),
(675, 168, 82, 'SP082', 'Nước khoáng có gas', 2, 14000.00, 28000.00),
(676, 168, 35, 'SP035', 'Nước lau sàn 1L', 3, 36000.00, 108000.00),
(677, 168, 58, 'SP058', 'Keo dán giấy', 5, 7000.00, 35000.00),
(678, 169, 85, 'SP085', 'Rong biển ăn liền', 2, 13000.00, 26000.00),
(679, 169, 49, 'SP049', 'Dung dịch rửa tay 100ml', 1, 25000.00, 25000.00),
(680, 169, 11, 'SP011', 'Mì ly hải sản', 1, 12000.00, 12000.00),
(681, 169, 99, 'SP099', 'Máy tính bỏ túi nhỏ', 3, 65000.00, 195000.00),
(682, 169, 80, 'SP080', 'Yến mạch ăn liền', 2, 52000.00, 104000.00),
(683, 169, 38, 'SP038', 'Miếng rửa chén', 4, 8000.00, 32000.00),
(684, 170, 47, 'SP047', 'Băng cá nhân hộp nhỏ', 3, 12000.00, 36000.00),
(685, 170, 14, 'SP014', 'Mì gói bò rau thơm', 4, 5000.00, 20000.00),
(686, 170, 12, 'SP012', 'Mì ly bò cay', 3, 12500.00, 37500.00),
(687, 170, 1, 'SP001', 'Nước suối 500ml', 3, 5000.00, 15000.00),
(688, 171, 56, 'SP056', 'Sổ tay A5', 5, 18000.00, 90000.00),
(689, 171, 58, 'SP058', 'Keo dán giấy', 5, 7000.00, 35000.00),
(690, 171, 72, 'SP072', 'Kem que đậu xanh', 4, 10000.00, 40000.00),
(691, 172, 71, 'SP071', 'Kem que socola', 4, 12000.00, 48000.00),
(692, 172, 12, 'SP012', 'Mì ly bò cay', 1, 12500.00, 12500.00),
(693, 172, 77, 'SP077', 'Sữa chua có đường', 3, 6000.00, 18000.00),
(694, 172, 42, 'SP042', 'Sữa tắm 200ml', 4, 42000.00, 168000.00),
(695, 173, 32, 'SP032', 'Khăn giấy hộp', 2, 22000.00, 44000.00),
(696, 173, 74, 'SP074', 'Cá viên đông lạnh', 2, 48000.00, 96000.00),
(697, 173, 67, 'SP067', 'Hạt nêm 400g', 3, 42000.00, 126000.00),
(698, 173, 22, 'SP022', 'Bánh quy socola', 3, 27000.00, 81000.00),
(699, 173, 88, 'SP088', 'Nước rửa tay khô 250ml', 3, 45000.00, 135000.00),
(700, 173, 49, 'SP049', 'Dung dịch rửa tay 100ml', 4, 25000.00, 100000.00),
(701, 174, 36, 'SP036', 'Túi rác cuộn nhỏ', 3, 18000.00, 54000.00),
(702, 174, 54, 'SP054', 'Tẩy chì', 3, 3000.00, 9000.00),
(703, 174, 39, 'SP039', 'Bột giặt 800g', 2, 52000.00, 104000.00),
(704, 174, 62, 'SP062', 'Nước mắm 500ml', 4, 38000.00, 152000.00),
(705, 174, 10, 'SP010', 'Sữa chua uống', 5, 8000.00, 40000.00),
(706, 175, 39, 'SP039', 'Bột giặt 800g', 3, 52000.00, 156000.00),
(707, 175, 1, 'SP001', 'Nước suối 500ml', 5, 5000.00, 25000.00),
(708, 175, 51, 'SP051', 'Bút bi xanh', 4, 4000.00, 16000.00),
(709, 176, 84, 'SP084', 'Bánh flan hộp', 5, 16000.00, 80000.00),
(710, 176, 77, 'SP077', 'Sữa chua có đường', 2, 6000.00, 12000.00),
(711, 176, 18, 'SP018', 'Xúc xích tiệt trùng', 4, 7000.00, 28000.00),
(712, 176, 39, 'SP039', 'Bột giặt 800g', 3, 52000.00, 156000.00),
(713, 176, 42, 'SP042', 'Sữa tắm 200ml', 2, 42000.00, 84000.00),
(714, 177, 95, 'SP095', 'Băng keo trong', 5, 10000.00, 50000.00),
(715, 177, 89, 'SP089', 'Dầu xả tóc 180ml', 2, 39000.00, 78000.00),
(716, 177, 82, 'SP082', 'Nước khoáng có gas', 3, 14000.00, 42000.00),
(717, 177, 63, 'SP063', 'Nước tương 500ml', 4, 25000.00, 100000.00),
(718, 178, 47, 'SP047', 'Băng cá nhân hộp nhỏ', 5, 12000.00, 60000.00),
(719, 178, 15, 'SP015', 'Cháo ăn liền thịt bằm', 2, 9000.00, 18000.00),
(720, 178, 73, 'SP073', 'Há cảo đông lạnh', 5, 55000.00, 275000.00),
(721, 178, 26, 'SP026', 'Kẹo dẻo trái cây', 1, 18000.00, 18000.00),
(722, 178, 76, 'SP076', 'Khoai tây chiên đông lạnh', 4, 46000.00, 184000.00),
(723, 179, 89, 'SP089', 'Dầu xả tóc 180ml', 4, 39000.00, 156000.00),
(724, 179, 9, 'SP009', 'Sữa tươi không đường', 2, 9000.00, 18000.00),
(725, 179, 53, 'SP053', 'Bút chì 2B', 3, 3500.00, 10500.00),
(726, 179, 87, 'SP087', 'Bắp rang bơ', 2, 22000.00, 44000.00),
(727, 180, 49, 'SP049', 'Dung dịch rửa tay 100ml', 5, 25000.00, 125000.00),
(728, 180, 10, 'SP010', 'Sữa chua uống', 4, 8000.00, 32000.00),
(729, 180, 58, 'SP058', 'Keo dán giấy', 5, 7000.00, 35000.00),
(730, 180, 77, 'SP077', 'Sữa chua có đường', 5, 6000.00, 30000.00),
(731, 180, 62, 'SP062', 'Nước mắm 500ml', 4, 38000.00, 152000.00),
(732, 181, 44, 'SP044', 'Bàn chải đánh răng', 1, 18000.00, 18000.00),
(733, 181, 100, 'SP100', 'Balo dây rút', 2, 39000.00, 78000.00),
(734, 181, 84, 'SP084', 'Bánh flan hộp', 1, 16000.00, 16000.00),
(735, 181, 29, 'SP029', 'Bánh trứng hộp nhỏ', 1, 32000.00, 32000.00);

-- --------------------------------------------------------

--
-- Cấu trúc bảng cho bảng `chitietphieunhap`
--

CREATE TABLE `chitietphieunhap` (
  `maCTPN` int(11) NOT NULL,
  `maPN` int(11) NOT NULL,
  `maSP` int(11) NOT NULL,
  `maSanPham` varchar(30) NOT NULL,
  `tenSP` varchar(150) NOT NULL,
  `soLuong` int(11) NOT NULL,
  `donGiaNhap` decimal(15,2) NOT NULL DEFAULT 0.00,
  `thanhTien` decimal(15,2) NOT NULL DEFAULT 0.00
) ENGINE=InnoDB DEFAULT CHARSET=utf8mb4 COLLATE=utf8mb4_unicode_ci;

--
-- Đang đổ dữ liệu cho bảng `chitietphieunhap`
--

INSERT INTO `chitietphieunhap` (`maCTPN`, `maPN`, `maSP`, `maSanPham`, `tenSP`, `soLuong`, `donGiaNhap`, `thanhTien`) VALUES
(1, 1, 30, 'SP030', 'Bánh que phủ socola', 85, 9500.00, 807500.00),
(2, 1, 9, 'SP009', 'Sữa tươi không đường', 82, 6000.00, 492000.00),
(3, 1, 5, 'SP005', 'Cà phê lon', 36, 10000.00, 360000.00),
(4, 1, 43, 'SP043', 'Kem đánh răng', 80, 18500.00, 1480000.00),
(5, 1, 10, 'SP010', 'Sữa chua uống', 80, 6500.00, 520000.00),
(6, 2, 13, 'SP013', 'Mì gói tôm chua cay', 79, 3500.00, 276500.00),
(7, 2, 85, 'SP085', 'Rong biển ăn liền', 26, 10000.00, 260000.00),
(8, 2, 56, 'SP056', 'Sổ tay A5', 32, 11500.00, 368000.00),
(9, 2, 46, 'SP046', 'Dao cạo râu', 63, 12500.00, 787500.00),
(10, 2, 55, 'SP055', 'Thước kẻ 20cm', 33, 3500.00, 115500.00),
(11, 2, 53, 'SP053', 'Bút chì 2B', 44, 2500.00, 110000.00),
(12, 3, 55, 'SP055', 'Thước kẻ 20cm', 76, 4000.00, 304000.00),
(13, 3, 24, 'SP024', 'Snack khoai tây vị BBQ', 90, 10000.00, 900000.00),
(14, 3, 36, 'SP036', 'Túi rác cuộn nhỏ', 89, 14000.00, 1246000.00),
(15, 3, 60, 'SP060', 'Kẹp giấy hộp nhỏ', 31, 9500.00, 294500.00),
(16, 3, 32, 'SP032', 'Khăn giấy hộp', 50, 14500.00, 725000.00),
(17, 3, 10, 'SP010', 'Sữa chua uống', 82, 5500.00, 451000.00),
(18, 4, 8, 'SP008', 'Sữa tươi có đường', 74, 7000.00, 518000.00),
(19, 4, 22, 'SP022', 'Bánh quy socola', 82, 17500.00, 1435000.00),
(20, 4, 49, 'SP049', 'Dung dịch rửa tay 100ml', 57, 16500.00, 940500.00),
(21, 4, 1, 'SP001', 'Nước suối 500ml', 27, 3500.00, 94500.00),
(22, 4, 50, 'SP050', 'Lăn khử mùi', 89, 33000.00, 2937000.00),
(23, 4, 34, 'SP034', 'Nước rửa chén 750ml', 60, 17500.00, 1050000.00),
(24, 4, 59, 'SP059', 'Bìa hồ sơ', 81, 4500.00, 364500.00),
(25, 4, 37, 'SP037', 'Túi zipper thực phẩm', 87, 16500.00, 1435500.00),
(26, 5, 11, 'SP011', 'Mì ly hải sản', 51, 9000.00, 459000.00),
(27, 5, 24, 'SP024', 'Snack khoai tây vị BBQ', 25, 12000.00, 300000.00),
(28, 5, 9, 'SP009', 'Sữa tươi không đường', 73, 7000.00, 511000.00),
(29, 5, 77, 'SP077', 'Sữa chua có đường', 86, 4000.00, 344000.00),
(30, 5, 87, 'SP087', 'Bắp rang bơ', 53, 14500.00, 768500.00),
(31, 5, 31, 'SP031', 'Khăn giấy bỏ túi', 60, 4500.00, 270000.00),
(32, 5, 52, 'SP052', 'Bút bi đen', 70, 2500.00, 175000.00),
(33, 5, 16, 'SP016', 'Phở ăn liền bò', 58, 7000.00, 406000.00),
(34, 5, 73, 'SP073', 'Há cảo đông lạnh', 29, 34000.00, 986000.00),
(35, 6, 73, 'SP073', 'Há cảo đông lạnh', 28, 44000.00, 1232000.00),
(36, 6, 13, 'SP013', 'Mì gói tôm chua cay', 67, 3000.00, 201000.00),
(37, 6, 10, 'SP010', 'Sữa chua uống', 76, 6500.00, 494000.00),
(38, 6, 69, 'SP069', 'Tiêu xay 50g', 58, 15000.00, 870000.00),
(39, 6, 28, 'SP028', 'Bánh gạo vị mặn', 87, 10500.00, 913500.00),
(40, 6, 65, 'SP065', 'Muối i-ốt 500g', 90, 5000.00, 450000.00),
(41, 6, 34, 'SP034', 'Nước rửa chén 750ml', 33, 22500.00, 742500.00),
(42, 6, 17, 'SP017', 'Bún ăn liền riêu cua', 37, 6500.00, 240500.00),
(43, 6, 45, 'SP045', 'Nước súc miệng 250ml', 33, 37000.00, 1221000.00),
(44, 7, 35, 'SP035', 'Nước lau sàn 1L', 46, 27500.00, 1265000.00),
(45, 7, 37, 'SP037', 'Túi zipper thực phẩm', 53, 18000.00, 954000.00),
(46, 7, 78, 'SP078', 'Phô mai miếng', 52, 29000.00, 1508000.00),
(47, 7, 27, 'SP027', 'Socola thanh nhỏ', 26, 14000.00, 364000.00),
(48, 7, 92, 'SP092', 'Pin tiểu AAA 2 viên', 74, 19000.00, 1406000.00),
(49, 7, 44, 'SP044', 'Bàn chải đánh răng', 25, 11000.00, 275000.00),
(50, 8, 82, 'SP082', 'Nước khoáng có gas', 74, 10500.00, 777000.00),
(51, 8, 34, 'SP034', 'Nước rửa chén 750ml', 34, 18000.00, 612000.00),
(52, 8, 21, 'SP021', 'Bánh quy bơ', 39, 18000.00, 702000.00),
(53, 8, 95, 'SP095', 'Băng keo trong', 67, 7500.00, 502500.00),
(54, 8, 57, 'SP057', 'Tập học sinh 96 trang', 38, 6500.00, 247000.00),
(55, 8, 71, 'SP071', 'Kem que socola', 25, 8000.00, 200000.00),
(56, 9, 46, 'SP046', 'Dao cạo râu', 33, 11000.00, 363000.00),
(57, 9, 27, 'SP027', 'Socola thanh nhỏ', 72, 18000.00, 1296000.00),
(58, 9, 88, 'SP088', 'Nước rửa tay khô 250ml', 39, 36000.00, 1404000.00),
(59, 9, 32, 'SP032', 'Khăn giấy hộp', 50, 17500.00, 875000.00),
(60, 9, 86, 'SP086', 'Đậu phộng rang muối', 42, 15000.00, 630000.00),
(61, 10, 23, 'SP023', 'Snack khoai tây vị muối', 51, 10000.00, 510000.00),
(62, 10, 95, 'SP095', 'Băng keo trong', 33, 7000.00, 231000.00),
(63, 10, 43, 'SP043', 'Kem đánh răng', 24, 22000.00, 528000.00),
(64, 10, 53, 'SP053', 'Bút chì 2B', 48, 2500.00, 120000.00),
(65, 10, 86, 'SP086', 'Đậu phộng rang muối', 78, 13000.00, 1014000.00),
(66, 11, 29, 'SP029', 'Bánh trứng hộp nhỏ', 55, 25500.00, 1402500.00),
(67, 11, 4, 'SP004', 'Trà ô long chai 455ml', 55, 7500.00, 412500.00),
(68, 11, 85, 'SP085', 'Rong biển ăn liền', 85, 9000.00, 765000.00),
(69, 11, 25, 'SP025', 'Kẹo bạc hà', 88, 8000.00, 704000.00),
(70, 11, 52, 'SP052', 'Bút bi đen', 23, 2500.00, 57500.00),
(71, 11, 43, 'SP043', 'Kem đánh răng', 53, 18500.00, 980500.00),
(72, 12, 5, 'SP005', 'Cà phê lon', 75, 9500.00, 712500.00),
(73, 12, 14, 'SP014', 'Mì gói bò rau thơm', 85, 3000.00, 255000.00),
(74, 12, 77, 'SP077', 'Sữa chua có đường', 44, 4000.00, 176000.00),
(75, 12, 56, 'SP056', 'Sổ tay A5', 75, 11000.00, 825000.00),
(76, 12, 45, 'SP045', 'Nước súc miệng 250ml', 88, 36500.00, 3212000.00),
(77, 12, 94, 'SP094', 'Ổ cắm điện 3 lỗ', 45, 45000.00, 2025000.00),
(78, 12, 41, 'SP041', 'Dầu gội 180ml', 28, 31000.00, 868000.00),
(79, 13, 80, 'SP080', 'Yến mạch ăn liền', 59, 39000.00, 2301000.00),
(80, 13, 41, 'SP041', 'Dầu gội 180ml', 61, 26500.00, 1616500.00),
(81, 13, 85, 'SP085', 'Rong biển ăn liền', 57, 9500.00, 541500.00),
(82, 13, 16, 'SP016', 'Phở ăn liền bò', 44, 7000.00, 308000.00),
(83, 13, 93, 'SP093', 'Bóng đèn LED 9W', 68, 28500.00, 1938000.00),
(84, 13, 39, 'SP039', 'Bột giặt 800g', 42, 38500.00, 1617000.00),
(85, 13, 65, 'SP065', 'Muối i-ốt 500g', 58, 5000.00, 290000.00),
(86, 14, 39, 'SP039', 'Bột giặt 800g', 61, 37000.00, 2257000.00),
(87, 14, 37, 'SP037', 'Túi zipper thực phẩm', 76, 19000.00, 1444000.00),
(88, 14, 27, 'SP027', 'Socola thanh nhỏ', 85, 15500.00, 1317500.00),
(89, 14, 56, 'SP056', 'Sổ tay A5', 41, 13500.00, 553500.00),
(90, 14, 75, 'SP075', 'Bò viên đông lạnh', 56, 37500.00, 2100000.00),
(91, 15, 80, 'SP080', 'Yến mạch ăn liền', 23, 32500.00, 747500.00),
(92, 15, 43, 'SP043', 'Kem đánh răng', 80, 21000.00, 1680000.00),
(93, 15, 12, 'SP012', 'Mì ly bò cay', 29, 9000.00, 261000.00),
(94, 15, 97, 'SP097', 'Giấy note', 44, 11500.00, 506000.00),
(95, 15, 31, 'SP031', 'Khăn giấy bỏ túi', 69, 5000.00, 345000.00),
(96, 15, 87, 'SP087', 'Bắp rang bơ', 51, 14500.00, 739500.00),
(97, 15, 40, 'SP040', 'Nước xả vải 800ml', 20, 36000.00, 720000.00),
(98, 15, 29, 'SP029', 'Bánh trứng hộp nhỏ', 33, 25000.00, 825000.00),
(99, 15, 26, 'SP026', 'Kẹo dẻo trái cây', 48, 12000.00, 576000.00),
(100, 15, 19, 'SP019', 'Cơm cháy chà bông', 86, 13000.00, 1118000.00),
(101, 16, 32, 'SP032', 'Khăn giấy hộp', 60, 18000.00, 1080000.00),
(102, 16, 16, 'SP016', 'Phở ăn liền bò', 76, 7500.00, 570000.00),
(103, 16, 59, 'SP059', 'Bìa hồ sơ', 84, 4000.00, 336000.00),
(104, 16, 18, 'SP018', 'Xúc xích tiệt trùng', 90, 5000.00, 450000.00),
(105, 16, 60, 'SP060', 'Kẹp giấy hộp nhỏ', 40, 9000.00, 360000.00),
(106, 16, 86, 'SP086', 'Đậu phộng rang muối', 80, 13500.00, 1080000.00),
(107, 16, 68, 'SP068', 'Bột ngọt 400g', 51, 28500.00, 1453500.00),
(108, 16, 72, 'SP072', 'Kem que đậu xanh', 55, 7500.00, 412500.00),
(109, 16, 77, 'SP077', 'Sữa chua có đường', 86, 4500.00, 387000.00),
(110, 17, 36, 'SP036', 'Túi rác cuộn nhỏ', 54, 12500.00, 675000.00),
(111, 17, 57, 'SP057', 'Tập học sinh 96 trang', 89, 5500.00, 489500.00),
(112, 17, 10, 'SP010', 'Sữa chua uống', 39, 5500.00, 214500.00),
(113, 17, 92, 'SP092', 'Pin tiểu AAA 2 viên', 39, 18500.00, 721500.00),
(114, 17, 37, 'SP037', 'Túi zipper thực phẩm', 28, 17500.00, 490000.00),
(115, 17, 31, 'SP031', 'Khăn giấy bỏ túi', 62, 5000.00, 310000.00),
(116, 18, 8, 'SP008', 'Sữa tươi có đường', 68, 6500.00, 442000.00),
(117, 18, 27, 'SP027', 'Socola thanh nhỏ', 65, 15000.00, 975000.00),
(118, 18, 54, 'SP054', 'Tẩy chì', 69, 2500.00, 172500.00),
(119, 18, 50, 'SP050', 'Lăn khử mùi', 73, 38000.00, 2774000.00),
(120, 18, 99, 'SP099', 'Máy tính bỏ túi nhỏ', 89, 50500.00, 4494500.00),
(121, 18, 75, 'SP075', 'Bò viên đông lạnh', 48, 37500.00, 1800000.00),
(122, 18, 90, 'SP090', 'Kem chống nắng mini', 54, 49000.00, 2646000.00),
(123, 18, 3, 'SP003', 'Trà xanh chai 455ml', 23, 7000.00, 161000.00),
(124, 19, 87, 'SP087', 'Bắp rang bơ', 23, 14000.00, 322000.00),
(125, 19, 52, 'SP052', 'Bút bi đen', 74, 2500.00, 185000.00),
(126, 19, 93, 'SP093', 'Bóng đèn LED 9W', 79, 25000.00, 1975000.00),
(127, 19, 22, 'SP022', 'Bánh quy socola', 53, 19000.00, 1007000.00),
(128, 19, 60, 'SP060', 'Kẹp giấy hộp nhỏ', 47, 8500.00, 399500.00),
(129, 19, 17, 'SP017', 'Bún ăn liền riêu cua', 63, 7500.00, 472500.00),
(130, 19, 80, 'SP080', 'Yến mạch ăn liền', 68, 35000.00, 2380000.00),
(131, 19, 69, 'SP069', 'Tiêu xay 50g', 73, 13500.00, 985500.00),
(132, 19, 4, 'SP004', 'Trà ô long chai 455ml', 30, 8000.00, 240000.00),
(133, 19, 51, 'SP051', 'Bút bi xanh', 89, 2500.00, 222500.00),
(134, 20, 29, 'SP029', 'Bánh trứng hộp nhỏ', 51, 21000.00, 1071000.00),
(135, 20, 84, 'SP084', 'Bánh flan hộp', 22, 12000.00, 264000.00),
(136, 20, 9, 'SP009', 'Sữa tươi không đường', 50, 6000.00, 300000.00),
(137, 20, 100, 'SP100', 'Balo dây rút', 34, 28500.00, 969000.00),
(138, 20, 6, 'SP006', 'Nước ngọt cola lon', 47, 7000.00, 329000.00),
(139, 20, 97, 'SP097', 'Giấy note', 52, 11500.00, 598000.00),
(140, 20, 4, 'SP004', 'Trà ô long chai 455ml', 41, 8000.00, 328000.00),
(141, 21, 92, 'SP092', 'Pin tiểu AAA 2 viên', 68, 17000.00, 1156000.00),
(142, 21, 15, 'SP015', 'Cháo ăn liền thịt bằm', 45, 5500.00, 247500.00),
(143, 21, 100, 'SP100', 'Balo dây rút', 51, 25000.00, 1275000.00),
(144, 21, 21, 'SP021', 'Bánh quy bơ', 58, 20000.00, 1160000.00),
(145, 21, 40, 'SP040', 'Nước xả vải 800ml', 35, 35000.00, 1225000.00),
(146, 21, 14, 'SP014', 'Mì gói bò rau thơm', 25, 3500.00, 87500.00),
(147, 21, 75, 'SP075', 'Bò viên đông lạnh', 74, 39000.00, 2886000.00),
(148, 21, 4, 'SP004', 'Trà ô long chai 455ml', 28, 8000.00, 224000.00),
(149, 21, 74, 'SP074', 'Cá viên đông lạnh', 63, 30000.00, 1890000.00),
(150, 21, 87, 'SP087', 'Bắp rang bơ', 73, 17500.00, 1277500.00),
(151, 22, 56, 'SP056', 'Sổ tay A5', 39, 12500.00, 487500.00),
(152, 22, 47, 'SP047', 'Băng cá nhân hộp nhỏ', 86, 10000.00, 860000.00),
(153, 22, 82, 'SP082', 'Nước khoáng có gas', 54, 10500.00, 567000.00),
(154, 22, 59, 'SP059', 'Bìa hồ sơ', 88, 4500.00, 396000.00),
(155, 22, 91, 'SP091', 'Pin tiểu AA 2 viên', 79, 17000.00, 1343000.00),
(156, 23, 76, 'SP076', 'Khoai tây chiên đông lạnh', 68, 31500.00, 2142000.00),
(157, 23, 35, 'SP035', 'Nước lau sàn 1L', 83, 28500.00, 2365500.00),
(158, 23, 42, 'SP042', 'Sữa tắm 200ml', 43, 30000.00, 1290000.00),
(159, 23, 32, 'SP032', 'Khăn giấy hộp', 65, 17000.00, 1105000.00),
(160, 23, 12, 'SP012', 'Mì ly bò cay', 63, 8500.00, 535500.00),
(161, 23, 36, 'SP036', 'Túi rác cuộn nhỏ', 55, 13000.00, 715000.00),
(162, 23, 58, 'SP058', 'Keo dán giấy', 86, 5500.00, 473000.00),
(163, 23, 97, 'SP097', 'Giấy note', 30, 10000.00, 300000.00),
(164, 23, 60, 'SP060', 'Kẹp giấy hộp nhỏ', 72, 8500.00, 612000.00),
(165, 23, 73, 'SP073', 'Há cảo đông lạnh', 50, 41500.00, 2075000.00),
(166, 24, 92, 'SP092', 'Pin tiểu AAA 2 viên', 59, 18000.00, 1062000.00),
(167, 24, 63, 'SP063', 'Nước tương 500ml', 67, 18000.00, 1206000.00),
(168, 24, 58, 'SP058', 'Keo dán giấy', 87, 5000.00, 435000.00),
(169, 24, 3, 'SP003', 'Trà xanh chai 455ml', 90, 7000.00, 630000.00),
(170, 24, 12, 'SP012', 'Mì ly bò cay', 78, 8500.00, 663000.00),
(171, 24, 38, 'SP038', 'Miếng rửa chén', 52, 5500.00, 286000.00),
(172, 24, 29, 'SP029', 'Bánh trứng hộp nhỏ', 44, 22000.00, 968000.00),
(173, 24, 52, 'SP052', 'Bút bi đen', 88, 3000.00, 264000.00),
(174, 24, 89, 'SP089', 'Dầu xả tóc 180ml', 43, 25500.00, 1096500.00),
(175, 24, 32, 'SP032', 'Khăn giấy hộp', 81, 15000.00, 1215000.00),
(176, 25, 98, 'SP098', 'Kéo văn phòng', 42, 15000.00, 630000.00),
(177, 25, 68, 'SP068', 'Bột ngọt 400g', 88, 23000.00, 2024000.00),
(178, 25, 77, 'SP077', 'Sữa chua có đường', 25, 5000.00, 125000.00),
(179, 25, 37, 'SP037', 'Túi zipper thực phẩm', 90, 17000.00, 1530000.00),
(180, 25, 13, 'SP013', 'Mì gói tôm chua cay', 36, 3500.00, 126000.00),
(181, 25, 25, 'SP025', 'Kẹo bạc hà', 82, 7500.00, 615000.00),
(182, 25, 38, 'SP038', 'Miếng rửa chén', 21, 6000.00, 126000.00),
(183, 25, 30, 'SP030', 'Bánh que phủ socola', 80, 10000.00, 800000.00),
(184, 25, 47, 'SP047', 'Băng cá nhân hộp nhỏ', 63, 8000.00, 504000.00),
(185, 26, 33, 'SP033', 'Giấy vệ sinh 10 cuộn', 82, 37000.00, 3034000.00),
(186, 26, 62, 'SP062', 'Nước mắm 500ml', 26, 24500.00, 637000.00),
(187, 26, 15, 'SP015', 'Cháo ăn liền thịt bằm', 58, 5500.00, 319000.00),
(188, 26, 9, 'SP009', 'Sữa tươi không đường', 51, 6000.00, 306000.00),
(189, 26, 52, 'SP052', 'Bút bi đen', 73, 3000.00, 219000.00),
(190, 27, 29, 'SP029', 'Bánh trứng hộp nhỏ', 59, 23500.00, 1386500.00),
(191, 27, 100, 'SP100', 'Balo dây rút', 27, 29000.00, 783000.00),
(192, 27, 67, 'SP067', 'Hạt nêm 400g', 32, 34000.00, 1088000.00),
(193, 27, 49, 'SP049', 'Dung dịch rửa tay 100ml', 46, 18500.00, 851000.00),
(194, 27, 58, 'SP058', 'Keo dán giấy', 53, 5500.00, 291500.00),
(195, 27, 57, 'SP057', 'Tập học sinh 96 trang', 40, 6000.00, 240000.00),
(196, 27, 39, 'SP039', 'Bột giặt 800g', 90, 33000.00, 2970000.00),
(197, 27, 76, 'SP076', 'Khoai tây chiên đông lạnh', 20, 32500.00, 650000.00),
(198, 27, 55, 'SP055', 'Thước kẻ 20cm', 80, 3500.00, 280000.00),
(199, 28, 37, 'SP037', 'Túi zipper thực phẩm', 49, 20000.00, 980000.00),
(200, 28, 91, 'SP091', 'Pin tiểu AA 2 viên', 45, 17000.00, 765000.00),
(201, 28, 90, 'SP090', 'Kem chống nắng mini', 89, 46000.00, 4094000.00),
(202, 28, 59, 'SP059', 'Bìa hồ sơ', 39, 5000.00, 195000.00),
(203, 28, 10, 'SP010', 'Sữa chua uống', 38, 5000.00, 190000.00),
(204, 28, 88, 'SP088', 'Nước rửa tay khô 250ml', 41, 35000.00, 1435000.00),
(205, 29, 96, 'SP096', 'Bút highlight', 71, 9500.00, 674500.00),
(206, 29, 73, 'SP073', 'Há cảo đông lạnh', 84, 40000.00, 3360000.00),
(207, 29, 37, 'SP037', 'Túi zipper thực phẩm', 76, 16000.00, 1216000.00),
(208, 29, 57, 'SP057', 'Tập học sinh 96 trang', 25, 7000.00, 175000.00),
(209, 29, 16, 'SP016', 'Phở ăn liền bò', 61, 7500.00, 457500.00),
(210, 29, 60, 'SP060', 'Kẹp giấy hộp nhỏ', 23, 7500.00, 172500.00),
(211, 29, 89, 'SP089', 'Dầu xả tóc 180ml', 22, 32000.00, 704000.00),
(212, 29, 39, 'SP039', 'Bột giặt 800g', 54, 38000.00, 2052000.00),
(213, 29, 90, 'SP090', 'Kem chống nắng mini', 42, 49500.00, 2079000.00),
(214, 30, 57, 'SP057', 'Tập học sinh 96 trang', 72, 6000.00, 432000.00),
(215, 30, 36, 'SP036', 'Túi rác cuộn nhỏ', 33, 14000.00, 462000.00),
(216, 30, 24, 'SP024', 'Snack khoai tây vị BBQ', 62, 11000.00, 682000.00),
(217, 30, 75, 'SP075', 'Bò viên đông lạnh', 83, 35000.00, 2905000.00),
(218, 30, 56, 'SP056', 'Sổ tay A5', 71, 14000.00, 994000.00),
(219, 30, 82, 'SP082', 'Nước khoáng có gas', 90, 9000.00, 810000.00),
(220, 30, 63, 'SP063', 'Nước tương 500ml', 31, 17000.00, 527000.00),
(221, 30, 12, 'SP012', 'Mì ly bò cay', 61, 8000.00, 488000.00),
(222, 30, 61, 'SP061', 'Dầu ăn 1L', 71, 41000.00, 2911000.00),
(223, 30, 45, 'SP045', 'Nước súc miệng 250ml', 20, 36000.00, 720000.00);

-- --------------------------------------------------------

--
-- Cấu trúc đóng vai cho view `customers`
-- (See below for the actual view)
--
CREATE TABLE `customers` (
`id` int(11)
,`name` varchar(120)
,`phone` varchar(20)
,`points` int(11)
,`total_spent` decimal(15,2)
,`status` tinyint(1)
,`created_at` datetime
);

-- --------------------------------------------------------

--
-- Cấu trúc bảng cho bảng `hidden_suppliers`
--

CREATE TABLE `hidden_suppliers` (
  `id` int(11) NOT NULL,
  `supplier` varchar(255) NOT NULL,
  `hidden_by` int(11) DEFAULT NULL,
  `created_at` datetime DEFAULT current_timestamp()
) ENGINE=InnoDB DEFAULT CHARSET=utf8mb4 COLLATE=utf8mb4_unicode_ci;

-- --------------------------------------------------------

--
-- Cấu trúc bảng cho bảng `hoadon`
--

CREATE TABLE `hoadon` (
  `maHD` int(11) NOT NULL,
  `soHoaDon` varchar(50) NOT NULL,
  `maGiaoDich` varchar(100) NOT NULL,
  `maTK` int(11) NOT NULL,
  `maKH` int(11) DEFAULT NULL,
  `tenKhachHang` varchar(120) NOT NULL DEFAULT 'Khách lẻ',
  `sdtKhachHang` varchar(20) DEFAULT NULL,
  `tamTinh` decimal(15,2) NOT NULL DEFAULT 0.00,
  `tienGiam` decimal(15,2) NOT NULL DEFAULT 0.00,
  `tongTien` decimal(15,2) NOT NULL DEFAULT 0.00,
  `maVoucher` int(11) DEFAULT NULL,
  `diemCong` int(11) NOT NULL DEFAULT 0,
  `tienKhachDua` decimal(15,2) NOT NULL DEFAULT 0.00,
  `tienThua` decimal(15,2) NOT NULL DEFAULT 0.00,
  `hinhThucTT` enum('cash','transfer','qr') NOT NULL DEFAULT 'cash',
  `trangThai` enum('paid','cancelled') NOT NULL DEFAULT 'paid',
  `thoiGianHuy` datetime DEFAULT NULL,
  `nguoiHuy` int(11) DEFAULT NULL,
  `lyDoHuy` varchar(255) DEFAULT NULL,
  `ngayLap` datetime NOT NULL DEFAULT current_timestamp()
) ENGINE=InnoDB DEFAULT CHARSET=utf8mb4 COLLATE=utf8mb4_unicode_ci;

--
-- Đang đổ dữ liệu cho bảng `hoadon`
--

INSERT INTO `hoadon` (`maHD`, `soHoaDon`, `maGiaoDich`, `maTK`, `maKH`, `tenKhachHang`, `sdtKhachHang`, `tamTinh`, `tienGiam`, `tongTien`, `maVoucher`, `diemCong`, `tienKhachDua`, `tienThua`, `hinhThucTT`, `trangThai`, `thoiGianHuy`, `nguoiHuy`, `lyDoHuy`, `ngayLap`) VALUES
(1, 'HD202600001', 'TX2026000019998', 4, 12, 'Tạ Văn Huy', '0910165492', 318000.00, 0.00, 318000.00, NULL, 31, 318000.00, 0.00, 'transfer', 'paid', NULL, NULL, NULL, '2026-03-02 09:28:00'),
(2, 'HD202600002', 'TX2026000026091', 5, 23, 'Hồ Bảo Mai', '0910317193', 424000.00, 0.00, 424000.00, NULL, 42, 424000.00, 0.00, 'qr', 'paid', NULL, NULL, NULL, '2026-03-03 10:41:00'),
(3, 'HD202600003', 'TX2026000038905', 2, 34, 'Lê Thanh Thiện', '0910468894', 274000.00, 0.00, 274000.00, NULL, 27, 280000.00, 6000.00, 'cash', 'paid', NULL, NULL, NULL, '2026-03-04 11:54:00'),
(4, 'HD202600004', 'TX2026000049327', 4, NULL, 'Khách lẻ', NULL, 138000.00, 0.00, 138000.00, NULL, 0, 138000.00, 0.00, 'transfer', 'paid', NULL, NULL, NULL, '2026-03-05 13:07:00'),
(5, 'HD202600005', 'TX2026000055377', 7, 56, 'Đỗ Bảo Chi', '0910772296', 415000.00, 0.00, 415000.00, NULL, 41, 415000.00, 0.00, 'qr', 'paid', NULL, NULL, NULL, '2026-03-06 13:20:00'),
(6, 'HD202600006', 'TX2026000068935', 2, NULL, 'Khách lẻ', NULL, 700000.00, 0.00, 700000.00, NULL, 0, 700000.00, 0.00, 'cash', 'paid', NULL, NULL, NULL, '2026-03-07 14:33:00'),
(7, 'HD202600007', 'TX2026000076213', 4, 8, 'Hoàng Bảo Trúc', '0910110328', 476000.00, 0.00, 476000.00, NULL, 47, 476000.00, 0.00, 'transfer', 'paid', NULL, NULL, NULL, '2026-03-08 15:46:00'),
(8, 'HD202600008', 'TX2026000082644', 5, 19, 'Đinh Thanh Nhi', '0910262029', 337000.00, 0.00, 337000.00, NULL, 33, 337000.00, 0.00, 'qr', 'paid', NULL, NULL, NULL, '2026-03-09 16:59:00'),
(9, 'HD202600009', 'TX2026000095342', 2, NULL, 'Khách lẻ', NULL, 326000.00, 0.00, 326000.00, NULL, 0, 330000.00, 4000.00, 'cash', 'paid', NULL, NULL, NULL, '2026-03-10 18:12:00'),
(10, 'HD202600010', 'TX2026000102121', 4, 41, 'Phạm Bảo Thảo', '0910565431', 342000.00, 0.00, 342000.00, NULL, 34, 342000.00, 0.00, 'transfer', 'paid', NULL, NULL, NULL, '2026-03-11 18:25:00'),
(11, 'HD202600011', 'TX2026000115906', 7, 52, 'Tạ Thanh Em', '0910717132', 112000.00, 0.00, 112000.00, NULL, 11, 112000.00, 0.00, 'qr', 'paid', NULL, NULL, NULL, '2026-03-12 08:38:00'),
(12, 'HD202600012', 'TX2026000127141', 2, NULL, 'Khách lẻ', NULL, 153000.00, 0.00, 153000.00, NULL, 0, 160000.00, 7000.00, 'cash', 'paid', NULL, NULL, NULL, '2026-03-13 09:51:00'),
(13, 'HD202600013', 'TX2026000132293', 4, 4, 'Lý Thanh Thiện', '0910055164', 189000.00, 0.00, 189000.00, NULL, 18, 189000.00, 0.00, 'transfer', 'paid', NULL, NULL, NULL, '2026-03-14 11:04:00'),
(14, 'HD202600014', 'TX2026000145183', 5, 15, 'Võ Văn Phúc', '0910206865', 484000.00, 0.00, 484000.00, NULL, 48, 484000.00, 0.00, 'qr', 'paid', NULL, NULL, NULL, '2026-03-15 11:17:00'),
(15, 'HD202600015', 'TX2026000155097', 2, 26, 'Huỳnh Bảo Chi', '0910358566', 413000.00, 0.00, 413000.00, NULL, 41, 420000.00, 7000.00, 'cash', 'paid', NULL, NULL, NULL, '2026-03-16 12:30:00'),
(16, 'HD202600016', 'TX2026000165847', 4, 37, 'Dương Thanh Vy', '0910510267', 449000.00, 0.00, 449000.00, NULL, 44, 449000.00, 0.00, 'transfer', 'paid', NULL, NULL, NULL, '2026-03-17 13:43:00'),
(17, 'HD202600017', 'TX2026000179138', 7, NULL, 'Khách lẻ', NULL, 169000.00, 10000.00, 159000.00, NULL, 0, 159000.00, 0.00, 'qr', 'paid', NULL, NULL, NULL, '2026-03-18 14:56:00'),
(18, 'HD202600018', 'TX2026000183240', 2, NULL, 'Khách lẻ', NULL, 334000.00, 0.00, 334000.00, NULL, 0, 340000.00, 6000.00, 'cash', 'paid', NULL, NULL, NULL, '2026-03-19 16:09:00'),
(19, 'HD202600019', 'TX2026000196977', 4, 70, 'Ngô Thanh Long', '0910965370', 90000.00, 0.00, 90000.00, NULL, 9, 90000.00, 0.00, 'transfer', 'paid', NULL, NULL, NULL, '2026-03-20 16:22:00'),
(20, 'HD202600020', 'TX2026000204289', 5, 11, 'Mai Bảo Thảo', '0910151701', 116000.00, 0.00, 116000.00, NULL, 11, 116000.00, 0.00, 'qr', 'paid', NULL, NULL, NULL, '2026-03-21 17:35:00'),
(21, 'HD202600021', 'TX2026000213306', 2, 22, 'Đặng Thanh Em', '0910303402', 379000.00, 0.00, 379000.00, NULL, 37, 380000.00, 1000.00, 'cash', 'paid', NULL, NULL, NULL, '2026-03-22 18:48:00'),
(22, 'HD202600022', 'TX2026000227464', 4, 33, 'Vũ Văn Tú', '0910455103', 228000.00, 20000.00, 208000.00, 6, 20, 208000.00, 0.00, 'transfer', 'paid', NULL, NULL, NULL, '2026-03-23 09:01:00'),
(23, 'HD202600023', 'TX2026000231410', 7, 44, 'Lý Bảo Khang', '0910606804', 277000.00, 0.00, 277000.00, NULL, 27, 277000.00, 0.00, 'qr', 'paid', NULL, NULL, NULL, '2026-03-24 10:14:00'),
(24, 'HD202600024', 'TX2026000241609', 2, 55, 'Võ Thanh My', '0910758505', 481000.00, 0.00, 481000.00, NULL, 48, 490000.00, 9000.00, 'cash', 'paid', NULL, NULL, NULL, '2026-03-25 10:27:00'),
(25, 'HD202600025', 'TX2026000253531', 4, 66, 'Huỳnh Văn Nam', '0910910206', 203000.00, 0.00, 203000.00, NULL, 20, 203000.00, 0.00, 'transfer', 'paid', NULL, NULL, NULL, '2026-03-26 11:40:00'),
(26, 'HD202600026', 'TX2026000261536', 5, NULL, 'Khách lẻ', NULL, 235000.00, 0.00, 235000.00, NULL, 0, 235000.00, 0.00, 'qr', 'paid', NULL, NULL, NULL, '2026-03-27 12:53:00'),
(27, 'HD202600027', 'TX2026000276876', 2, 18, 'Cao Văn Hà', '0910248238', 90000.00, 0.00, 90000.00, NULL, 9, 90000.00, 0.00, 'cash', 'paid', NULL, NULL, NULL, '2026-03-28 14:06:00'),
(28, 'HD202600028', 'TX2026000286464', 4, 29, 'Bùi Bảo Sơn', '0910399939', 92500.00, 0.00, 92500.00, NULL, 9, 92500.00, 0.00, 'transfer', 'paid', NULL, NULL, NULL, '2026-03-29 14:19:00'),
(29, 'HD202600029', 'TX2026000294538', 7, 40, 'Nguyễn Thanh Long', '0910551640', 364000.00, 0.00, 364000.00, NULL, 0, 364000.00, 0.00, 'qr', 'cancelled', '2026-03-30 16:07:00', 1, 'Khách đổi ý sau khi thanh toán', '2026-03-30 15:32:00'),
(30, 'HD202600030', 'TX2026000303370', 2, NULL, 'Khách lẻ', NULL, 233000.00, 0.00, 233000.00, NULL, 0, 240000.00, 7000.00, 'cash', 'paid', NULL, NULL, NULL, '2026-03-31 16:45:00'),
(31, 'HD202600031', 'TX2026000313854', 4, NULL, 'Khách lẻ', NULL, 228500.00, 0.00, 228500.00, NULL, 0, 228500.00, 0.00, 'transfer', 'paid', NULL, NULL, NULL, '2026-04-01 17:58:00'),
(32, 'HD202600032', 'TX2026000328344', 5, 3, 'Hồ Văn Tú', '0910041373', 157000.00, 0.00, 157000.00, NULL, 15, 157000.00, 0.00, 'qr', 'paid', NULL, NULL, NULL, '2026-04-02 19:11:00'),
(33, 'HD202600033', 'TX2026000338847', 2, NULL, 'Khách lẻ', NULL, 197000.00, 0.00, 197000.00, NULL, 0, 200000.00, 3000.00, 'cash', 'paid', NULL, NULL, NULL, '2026-04-03 08:24:00'),
(34, 'HD202600034', 'TX2026000342076', 4, NULL, 'Khách lẻ', NULL, 263000.00, 10000.00, 253000.00, NULL, 0, 253000.00, 0.00, 'transfer', 'paid', NULL, NULL, NULL, '2026-04-04 09:37:00'),
(35, 'HD202600035', 'TX2026000358048', 7, 36, 'Đỗ Văn Nam', '0910496476', 797000.00, 0.00, 797000.00, NULL, 79, 797000.00, 0.00, 'qr', 'paid', NULL, NULL, NULL, '2026-04-05 10:50:00'),
(36, 'HD202600036', 'TX2026000368046', 2, 47, 'Trần Bảo Tín', '0910648177', 210000.00, 0.00, 210000.00, NULL, 21, 210000.00, 0.00, 'cash', 'paid', NULL, NULL, NULL, '2026-04-06 12:03:00'),
(37, 'HD202600037', 'TX2026000376120', 4, 58, 'Cao Thanh Quân', '0910799878', 92000.00, 0.00, 92000.00, NULL, 9, 92000.00, 0.00, 'transfer', 'paid', NULL, NULL, NULL, '2026-04-07 12:16:00'),
(38, 'HD202600038', 'TX2026000388075', 5, 69, 'Bùi Văn Dũng', '0910951579', 137000.00, 0.00, 137000.00, NULL, 13, 137000.00, 0.00, 'qr', 'paid', NULL, NULL, NULL, '2026-04-08 13:29:00'),
(39, 'HD202600039', 'TX2026000397730', 2, 10, 'Ngô Thanh Long', '0910137910', 170500.00, 0.00, 170500.00, NULL, 17, 180000.00, 9500.00, 'cash', 'paid', NULL, NULL, NULL, '2026-04-09 14:42:00'),
(40, 'HD202600040', 'TX2026000403535', 4, 21, 'Phạm Văn Khánh', '0910289611', 371000.00, 0.00, 371000.00, NULL, 37, 371000.00, 0.00, 'transfer', 'paid', NULL, NULL, NULL, '2026-04-10 15:55:00'),
(41, 'HD202600041', 'TX2026000414705', 7, 32, 'Tạ Bảo Phong', '0910441312', 93000.00, 0.00, 93000.00, NULL, 9, 93000.00, 0.00, 'qr', 'paid', NULL, NULL, NULL, '2026-04-11 17:08:00'),
(42, 'HD202600042', 'TX2026000426062', 2, NULL, 'Khách lẻ', NULL, 548000.00, 0.00, 548000.00, NULL, 0, 550000.00, 2000.00, 'cash', 'paid', NULL, NULL, NULL, '2026-04-12 17:21:00'),
(43, 'HD202600043', 'TX2026000432503', 4, NULL, 'Khách lẻ', NULL, 127000.00, 0.00, 127000.00, NULL, 0, 127000.00, 0.00, 'transfer', 'paid', NULL, NULL, NULL, '2026-04-13 18:34:00'),
(44, 'HD202600044', 'TX2026000446105', 5, 65, 'Phan Bảo Giang', '0910896415', 99000.00, 10000.00, 89000.00, 12, 8, 89000.00, 0.00, 'qr', 'paid', NULL, NULL, NULL, '2026-04-14 08:47:00'),
(45, 'HD202600045', 'TX2026000458957', 2, 6, 'Huỳnh Văn Nam', '0910082746', 289000.00, 0.00, 289000.00, NULL, 28, 290000.00, 1000.00, 'cash', 'paid', NULL, NULL, NULL, '2026-04-15 10:00:00'),
(46, 'HD202600046', 'TX2026000468972', 4, 17, 'Dương Bảo Tín', '0910234447', 314000.00, 0.00, 314000.00, NULL, 31, 314000.00, 0.00, 'transfer', 'paid', NULL, NULL, NULL, '2026-04-16 11:13:00'),
(47, 'HD202600047', 'TX2026000474460', 7, 28, 'Hoàng Thanh Quân', '0910386148', 68000.00, 0.00, 68000.00, NULL, 6, 68000.00, 0.00, 'qr', 'paid', NULL, NULL, NULL, '2026-04-17 11:26:00'),
(48, 'HD202600048', 'TX2026000487229', 2, NULL, 'Khách lẻ', NULL, 230000.00, 0.00, 230000.00, NULL, 0, 230000.00, 0.00, 'cash', 'paid', NULL, NULL, NULL, '2026-04-18 12:39:00'),
(49, 'HD202600049', 'TX2026000491693', 4, 50, 'Ngô Bảo Yến', '0910689550', 107000.00, 0.00, 107000.00, NULL, 10, 107000.00, 0.00, 'transfer', 'paid', NULL, NULL, NULL, '2026-04-19 13:52:00'),
(50, 'HD202600050', 'TX2026000506321', 5, 61, 'Phạm Thanh Hạnh', '0910841251', 218000.00, 0.00, 218000.00, NULL, 21, 218000.00, 0.00, 'qr', 'paid', NULL, NULL, NULL, '2026-04-20 15:05:00'),
(51, 'HD202600051', 'TX2026000517484', 2, 2, 'Đặng Bảo Phong', '0910027582', 373000.00, 10000.00, 363000.00, NULL, 36, 370000.00, 7000.00, 'cash', 'paid', NULL, NULL, NULL, '2026-04-21 15:18:00'),
(52, 'HD202600052', 'TX2026000529355', 4, NULL, 'Khách lẻ', NULL, 346000.00, 0.00, 346000.00, NULL, 0, 346000.00, 0.00, 'transfer', 'paid', NULL, NULL, NULL, '2026-04-22 16:31:00'),
(53, 'HD202600053', 'TX2026000534232', 7, 24, 'Lý Văn Trang', '0910330984', 251000.00, 0.00, 251000.00, NULL, 25, 251000.00, 0.00, 'qr', 'paid', NULL, NULL, NULL, '2026-04-23 17:44:00'),
(54, 'HD202600054', 'TX2026000548354', 2, 35, 'Võ Bảo Giang', '0910482685', 140000.00, 0.00, 140000.00, NULL, 14, 140000.00, 0.00, 'cash', 'paid', NULL, NULL, NULL, '2026-04-24 18:57:00'),
(55, 'HD202600055', 'TX2026000555500', 4, 46, 'Huỳnh Thanh Tâm', '0910634386', 474000.00, 0.00, 474000.00, NULL, 47, 474000.00, 0.00, 'transfer', 'paid', NULL, NULL, NULL, '2026-04-25 09:10:00'),
(56, 'HD202600056', 'TX2026000565703', 5, 57, 'Dương Văn Linh', '0910786087', 117000.00, 0.00, 117000.00, NULL, 11, 117000.00, 0.00, 'qr', 'paid', NULL, NULL, NULL, '2026-04-26 09:23:00'),
(57, 'HD202600057', 'TX2026000578581', 2, 68, 'Hoàng Bảo Trúc', '0910937788', 249000.00, 0.00, 249000.00, NULL, 24, 250000.00, 1000.00, 'cash', 'paid', NULL, NULL, NULL, '2026-04-27 10:36:00'),
(58, 'HD202600058', 'TX2026000588792', 4, 9, 'Bùi Văn Dũng', '0910124119', 158000.00, 0.00, 158000.00, NULL, 0, 158000.00, 0.00, 'transfer', 'cancelled', '2026-04-28 12:24:00', 1, 'Khách đổi ý sau khi thanh toán', '2026-04-28 11:49:00'),
(59, 'HD202600059', 'TX2026000599266', 7, 20, 'Nguyễn Bảo Yến', '0910275820', 26000.00, 0.00, 26000.00, NULL, 2, 26000.00, 0.00, 'qr', 'paid', NULL, NULL, NULL, '2026-04-29 13:02:00'),
(60, 'HD202600060', 'TX2026000609586', 2, 31, 'Mai Thanh Hạnh', '0910427521', 184000.00, 0.00, 184000.00, NULL, 18, 190000.00, 6000.00, 'cash', 'paid', NULL, NULL, NULL, '2026-04-30 13:15:00'),
(61, 'HD202600061', 'TX2026000611857', 4, 42, 'Đặng Văn Huy', '0910579222', 183000.00, 0.00, 183000.00, NULL, 18, 183000.00, 0.00, 'transfer', 'paid', NULL, NULL, NULL, '2026-05-01 14:28:00'),
(62, 'HD202600062', 'TX2026000623463', 5, NULL, 'Khách lẻ', NULL, 183500.00, 0.00, 183500.00, NULL, 0, 183500.00, 0.00, 'qr', 'paid', NULL, NULL, NULL, '2026-05-02 15:41:00'),
(63, 'HD202600063', 'TX2026000637171', 2, 64, 'Lý Thanh Thiện', '0910882624', 766000.00, 0.00, 766000.00, NULL, 76, 770000.00, 4000.00, 'cash', 'paid', NULL, NULL, NULL, '2026-05-03 16:54:00'),
(64, 'HD202600064', 'TX2026000646928', 4, 5, 'Phan Bảo Giang', '0910068955', 392500.00, 0.00, 392500.00, NULL, 39, 392500.00, 0.00, 'transfer', 'paid', NULL, NULL, NULL, '2026-05-04 18:07:00'),
(65, 'HD202600065', 'TX2026000653538', 7, 16, 'Đỗ Thanh Tâm', '0910220656', 264000.00, 0.00, 264000.00, NULL, 26, 264000.00, 0.00, 'qr', 'paid', NULL, NULL, NULL, '2026-05-05 18:20:00'),
(66, 'HD202600066', 'TX2026000661618', 2, 27, 'Trần Văn Linh', '0910372357', 360000.00, 20000.00, 340000.00, 18, 34, 340000.00, 0.00, 'cash', 'paid', NULL, NULL, NULL, '2026-05-06 08:33:00'),
(67, 'HD202600067', 'TX2026000674891', 4, 38, 'Cao Bảo Trúc', '0910524058', 332500.00, 0.00, 332500.00, NULL, 33, 332500.00, 0.00, 'transfer', 'paid', NULL, NULL, NULL, '2026-05-07 09:46:00'),
(68, 'HD202600068', 'TX2026000688218', 5, NULL, 'Khách lẻ', NULL, 299000.00, 10000.00, 289000.00, NULL, 0, 289000.00, 0.00, 'qr', 'paid', NULL, NULL, NULL, '2026-05-08 10:59:00'),
(69, 'HD202600069', 'TX2026000693267', 2, 60, 'Nguyễn Văn An', '0910827460', 400000.00, 0.00, 400000.00, NULL, 40, 400000.00, 0.00, 'cash', 'paid', NULL, NULL, NULL, '2026-05-09 12:12:00'),
(70, 'HD202600070', 'TX2026000702680', 4, NULL, 'Khách lẻ', NULL, 244000.00, 0.00, 244000.00, NULL, 0, 244000.00, 0.00, 'transfer', 'paid', NULL, NULL, NULL, '2026-05-10 12:25:00'),
(71, 'HD202600071', 'TX2026000718391', 7, 12, 'Tạ Văn Huy', '0910165492', 374000.00, 0.00, 374000.00, NULL, 37, 374000.00, 0.00, 'qr', 'paid', NULL, NULL, NULL, '2026-05-11 13:38:00'),
(72, 'HD202600072', 'TX2026000727126', 2, NULL, 'Khách lẻ', NULL, 72000.00, 0.00, 72000.00, NULL, 0, 80000.00, 8000.00, 'cash', 'paid', NULL, NULL, NULL, '2026-05-12 14:51:00'),
(73, 'HD202600073', 'TX2026000732623', 4, 34, 'Lê Thanh Thiện', '0910468894', 111000.00, 0.00, 111000.00, NULL, 11, 111000.00, 0.00, 'transfer', 'paid', NULL, NULL, NULL, '2026-05-13 16:04:00'),
(74, 'HD202600074', 'TX2026000741086', 5, NULL, 'Khách lẻ', NULL, 238000.00, 0.00, 238000.00, NULL, 0, 238000.00, 0.00, 'qr', 'paid', NULL, NULL, NULL, '2026-05-14 16:17:00'),
(75, 'HD202600075', 'TX2026000759647', 2, NULL, 'Khách lẻ', NULL, 201000.00, 0.00, 201000.00, NULL, 0, 210000.00, 9000.00, 'cash', 'paid', NULL, NULL, NULL, '2026-05-15 17:30:00'),
(76, 'HD202600076', 'TX2026000762029', 4, 67, 'Trần Thanh Vy', '0910923997', 320000.00, 0.00, 320000.00, NULL, 32, 320000.00, 0.00, 'transfer', 'paid', NULL, NULL, NULL, '2026-05-16 18:43:00'),
(77, 'HD202600077', 'TX2026000771025', 7, 8, 'Hoàng Bảo Trúc', '0910110328', 230000.00, 0.00, 230000.00, NULL, 23, 230000.00, 0.00, 'qr', 'paid', NULL, NULL, NULL, '2026-05-17 08:56:00'),
(78, 'HD202600078', 'TX2026000782108', 2, 19, 'Đinh Thanh Nhi', '0910262029', 111000.00, 0.00, 111000.00, NULL, 11, 120000.00, 9000.00, 'cash', 'paid', NULL, NULL, NULL, '2026-05-18 10:09:00'),
(79, 'HD202600079', 'TX2026000796649', 4, NULL, 'Khách lẻ', NULL, 312000.00, 0.00, 312000.00, NULL, 0, 312000.00, 0.00, 'transfer', 'paid', NULL, NULL, NULL, '2026-05-19 10:22:00'),
(80, 'HD202600080', 'TX2026000801726', 5, 41, 'Phạm Bảo Thảo', '0910565431', 299000.00, 0.00, 299000.00, NULL, 29, 299000.00, 0.00, 'qr', 'paid', NULL, NULL, NULL, '2026-05-20 11:35:00'),
(81, 'HD202600081', 'TX2026000812033', 2, 52, 'Tạ Thanh Em', '0910717132', 300000.00, 0.00, 300000.00, NULL, 30, 300000.00, 0.00, 'cash', 'paid', NULL, NULL, NULL, '2026-05-21 12:48:00'),
(82, 'HD202600082', 'TX2026000825150', 4, 63, 'Hồ Văn Tú', '0910868833', 353000.00, 0.00, 353000.00, NULL, 35, 353000.00, 0.00, 'transfer', 'paid', NULL, NULL, NULL, '2026-05-22 14:01:00'),
(83, 'HD202600083', 'TX2026000833039', 7, 4, 'Lý Thanh Thiện', '0910055164', 190000.00, 0.00, 190000.00, NULL, 19, 190000.00, 0.00, 'qr', 'paid', NULL, NULL, NULL, '2026-05-23 15:14:00'),
(84, 'HD202600084', 'TX2026000845369', 2, NULL, 'Khách lẻ', NULL, 338000.00, 0.00, 338000.00, NULL, 0, 340000.00, 2000.00, 'cash', 'paid', NULL, NULL, NULL, '2026-05-24 15:27:00'),
(85, 'HD202600085', 'TX2026000855843', 4, NULL, 'Khách lẻ', NULL, 226000.00, 10000.00, 216000.00, NULL, 0, 216000.00, 0.00, 'transfer', 'paid', NULL, NULL, NULL, '2026-05-25 16:40:00'),
(86, 'HD202600086', 'TX2026000861939', 5, 37, 'Dương Thanh Vy', '0910510267', 557000.00, 0.00, 557000.00, NULL, 55, 557000.00, 0.00, 'qr', 'paid', NULL, NULL, NULL, '2026-05-26 17:53:00'),
(87, 'HD202600087', 'TX2026000873068', 2, 48, 'Hoàng Văn Hà', '0910661968', 237000.00, 0.00, 237000.00, NULL, 0, 240000.00, 3000.00, 'cash', 'cancelled', '2026-05-27 19:41:00', 1, 'Khách đổi ý sau khi thanh toán', '2026-05-27 19:06:00'),
(88, 'HD202600088', 'TX2026000887095', 4, 59, 'Đinh Bảo Sơn', '0910813669', 423000.00, 10000.00, 413000.00, 24, 41, 413000.00, 0.00, 'transfer', 'paid', NULL, NULL, NULL, '2026-05-28 08:19:00'),
(89, 'HD202600089', 'TX2026000897521', 7, 70, 'Ngô Thanh Long', '0910965370', 261000.00, 0.00, 261000.00, NULL, 26, 261000.00, 0.00, 'qr', 'paid', NULL, NULL, NULL, '2026-05-29 09:32:00'),
(90, 'HD202600090', 'TX2026000902929', 2, 11, 'Mai Bảo Thảo', '0910151701', 175000.00, 0.00, 175000.00, NULL, 17, 180000.00, 5000.00, 'cash', 'paid', NULL, NULL, NULL, '2026-05-30 10:45:00'),
(91, 'HD202600091', 'TX2026000913223', 4, 22, 'Đặng Thanh Em', '0910303402', 179000.00, 0.00, 179000.00, NULL, 17, 179000.00, 0.00, 'transfer', 'paid', NULL, NULL, NULL, '2026-05-31 11:58:00'),
(92, 'HD202600092', 'TX2026000925757', 5, NULL, 'Khách lẻ', NULL, 413500.00, 0.00, 413500.00, NULL, 0, 413500.00, 0.00, 'qr', 'paid', NULL, NULL, NULL, '2026-06-01 13:11:00'),
(93, 'HD202600093', 'TX2026000934673', 2, NULL, 'Khách lẻ', NULL, 465000.00, 0.00, 465000.00, NULL, 0, 470000.00, 5000.00, 'cash', 'paid', NULL, NULL, NULL, '2026-06-02 13:24:00'),
(94, 'HD202600094', 'TX2026000947044', 4, 55, 'Võ Thanh My', '0910758505', 118000.00, 0.00, 118000.00, NULL, 11, 118000.00, 0.00, 'transfer', 'paid', NULL, NULL, NULL, '2026-06-03 14:37:00'),
(95, 'HD202600095', 'TX2026000953053', 7, 66, 'Huỳnh Văn Nam', '0910910206', 578000.00, 0.00, 578000.00, NULL, 57, 578000.00, 0.00, 'qr', 'paid', NULL, NULL, NULL, '2026-06-04 15:50:00'),
(96, 'HD202600096', 'TX2026000963102', 2, NULL, 'Khách lẻ', NULL, 71000.00, 0.00, 71000.00, NULL, 0, 80000.00, 9000.00, 'cash', 'paid', NULL, NULL, NULL, '2026-06-05 17:03:00'),
(97, 'HD202600097', 'TX2026000973697', 4, NULL, 'Khách lẻ', NULL, 530000.00, 0.00, 530000.00, NULL, 0, 530000.00, 0.00, 'transfer', 'paid', NULL, NULL, NULL, '2026-06-06 17:16:00'),
(98, 'HD202600098', 'TX2026000985496', 5, 29, 'Bùi Bảo Sơn', '0910399939', 224000.00, 0.00, 224000.00, NULL, 22, 224000.00, 0.00, 'qr', 'paid', NULL, NULL, NULL, '2026-06-07 18:29:00'),
(99, 'HD202600099', 'TX2026000993804', 2, 40, 'Nguyễn Thanh Long', '0910551640', 266500.00, 0.00, 266500.00, NULL, 26, 270000.00, 3500.00, 'cash', 'paid', NULL, NULL, NULL, '2026-06-08 08:42:00'),
(100, 'HD202600100', 'TX2026001001496', 4, 51, 'Mai Văn Khánh', '0910703341', 468000.00, 0.00, 468000.00, NULL, 46, 468000.00, 0.00, 'transfer', 'paid', NULL, NULL, NULL, '2026-06-09 09:55:00'),
(101, 'HD202600101', 'TX2026001018202', 7, 62, 'Đặng Bảo Phong', '0910855042', 444000.00, 0.00, 444000.00, NULL, 44, 444000.00, 0.00, 'qr', 'paid', NULL, NULL, NULL, '2026-06-10 11:08:00'),
(102, 'HD202600102', 'TX2026001029437', 2, 3, 'Hồ Văn Tú', '0910041373', 414000.00, 10000.00, 404000.00, NULL, 40, 410000.00, 6000.00, 'cash', 'paid', NULL, NULL, NULL, '2026-06-11 11:21:00'),
(103, 'HD202600103', 'TX2026001031829', 4, 14, 'Lê Bảo Khang', '0910193074', 108000.00, 0.00, 108000.00, NULL, 10, 108000.00, 0.00, 'transfer', 'paid', NULL, NULL, NULL, '2026-06-12 12:34:00'),
(104, 'HD202600104', 'TX2026001049433', 5, 25, 'Phan Thanh My', '0910344775', 496000.00, 0.00, 496000.00, NULL, 49, 496000.00, 0.00, 'qr', 'paid', NULL, NULL, NULL, '2026-06-13 13:47:00'),
(105, 'HD202600105', 'TX2026001056781', 2, 36, 'Đỗ Văn Nam', '0910496476', 163000.00, 0.00, 163000.00, NULL, 16, 170000.00, 7000.00, 'cash', 'paid', NULL, NULL, NULL, '2026-06-14 15:00:00'),
(106, 'HD202600106', 'TX2026001062761', 4, 47, 'Trần Bảo Tín', '0910648177', 192000.00, 0.00, 192000.00, NULL, 19, 192000.00, 0.00, 'transfer', 'paid', NULL, NULL, NULL, '2026-06-15 16:13:00'),
(107, 'HD202600107', 'TX2026001074189', 7, 58, 'Cao Thanh Quân', '0910799878', 299000.00, 0.00, 299000.00, NULL, 29, 299000.00, 0.00, 'qr', 'paid', NULL, NULL, NULL, '2026-06-16 16:26:00'),
(108, 'HD202600108', 'TX2026001082946', 2, 69, 'Bùi Văn Dũng', '0910951579', 266000.00, 0.00, 266000.00, NULL, 26, 270000.00, 4000.00, 'cash', 'paid', NULL, NULL, NULL, '2026-06-17 17:39:00'),
(109, 'HD202600109', 'TX2026001096990', 4, 10, 'Ngô Thanh Long', '0910137910', 87000.00, 0.00, 87000.00, NULL, 8, 87000.00, 0.00, 'transfer', 'paid', NULL, NULL, NULL, '2026-06-18 18:52:00'),
(110, 'HD202600110', 'TX2026001101637', 5, 21, 'Phạm Văn Khánh', '0910289611', 210000.00, 21000.00, 189000.00, 30, 18, 189000.00, 0.00, 'qr', 'paid', NULL, NULL, NULL, '2026-06-19 09:05:00'),
(111, 'HD202600111', 'TX2026001116218', 2, 32, 'Tạ Bảo Phong', '0910441312', 557000.00, 0.00, 557000.00, NULL, 55, 560000.00, 3000.00, 'cash', 'paid', NULL, NULL, NULL, '2026-06-20 09:18:00'),
(112, 'HD202600112', 'TX2026001127035', 4, 43, 'Hồ Thanh Bình', '0910593013', 596000.00, 0.00, 596000.00, NULL, 59, 596000.00, 0.00, 'transfer', 'paid', NULL, NULL, NULL, '2026-06-21 10:31:00'),
(113, 'HD202600113', 'TX2026001138775', 7, 54, 'Lê Văn Trang', '0910744714', 61000.00, 0.00, 61000.00, NULL, 6, 61000.00, 0.00, 'qr', 'paid', NULL, NULL, NULL, '2026-06-22 11:44:00'),
(114, 'HD202600114', 'TX2026001141517', 2, 65, 'Phan Bảo Giang', '0910896415', 584000.00, 0.00, 584000.00, NULL, 58, 590000.00, 6000.00, 'cash', 'paid', NULL, NULL, NULL, '2026-06-23 12:57:00'),
(115, 'HD202600115', 'TX2026001157861', 4, 6, 'Huỳnh Văn Nam', '0910082746', 78000.00, 0.00, 78000.00, NULL, 7, 78000.00, 0.00, 'transfer', 'paid', NULL, NULL, NULL, '2026-06-24 14:10:00'),
(116, 'HD202600116', 'TX2026001163262', 5, 17, 'Dương Bảo Tín', '0910234447', 84500.00, 0.00, 84500.00, NULL, 0, 84500.00, 0.00, 'qr', 'cancelled', '2026-06-25 14:58:00', 1, 'Khách đổi ý sau khi thanh toán', '2026-06-25 14:23:00'),
(117, 'HD202600117', 'TX2026001175331', 2, 28, 'Hoàng Thanh Quân', '0910386148', 673000.00, 0.00, 673000.00, NULL, 67, 680000.00, 7000.00, 'cash', 'paid', NULL, NULL, NULL, '2026-06-26 15:36:00'),
(118, 'HD202600118', 'TX2026001185735', 4, 39, 'Đinh Văn Dũng', '0910537849', 132000.00, 0.00, 132000.00, NULL, 13, 132000.00, 0.00, 'transfer', 'paid', NULL, NULL, NULL, '2026-06-27 16:49:00'),
(119, 'HD202600119', 'TX2026001197220', 7, 50, 'Ngô Bảo Yến', '0910689550', 516000.00, 10000.00, 506000.00, NULL, 50, 506000.00, 0.00, 'qr', 'paid', NULL, NULL, NULL, '2026-06-28 18:02:00'),
(120, 'HD202600120', 'TX2026001208849', 2, NULL, 'Khách lẻ', NULL, 325000.00, 0.00, 325000.00, NULL, 0, 330000.00, 5000.00, 'cash', 'paid', NULL, NULL, NULL, '2026-03-01 18:15:00'),
(121, 'HD202600121', 'TX2026001214814', 4, 2, 'Đặng Bảo Phong', '0910027582', 460000.00, 0.00, 460000.00, NULL, 46, 460000.00, 0.00, 'transfer', 'paid', NULL, NULL, NULL, '2026-03-02 08:28:00'),
(122, 'HD202600122', 'TX2026001228793', 5, 13, 'Vũ Thanh Bình', '0910179283', 529000.00, 0.00, 529000.00, NULL, 52, 529000.00, 0.00, 'qr', 'paid', NULL, NULL, NULL, '2026-03-03 09:41:00'),
(123, 'HD202600123', 'TX2026001234804', 2, 24, 'Lý Văn Trang', '0910330984', 112000.00, 0.00, 112000.00, NULL, 11, 120000.00, 8000.00, 'cash', 'paid', NULL, NULL, NULL, '2026-03-04 10:54:00'),
(124, 'HD202600124', 'TX2026001247504', 4, 35, 'Võ Bảo Giang', '0910482685', 33000.00, 0.00, 33000.00, NULL, 3, 33000.00, 0.00, 'transfer', 'paid', NULL, NULL, NULL, '2026-03-05 12:07:00'),
(125, 'HD202600125', 'TX2026001252758', 7, NULL, 'Khách lẻ', NULL, 101000.00, 0.00, 101000.00, NULL, 0, 101000.00, 0.00, 'qr', 'paid', NULL, NULL, NULL, '2026-03-06 12:20:00'),
(126, 'HD202600126', 'TX2026001268668', 2, NULL, 'Khách lẻ', NULL, 325000.00, 0.00, 325000.00, NULL, 0, 330000.00, 5000.00, 'cash', 'paid', NULL, NULL, NULL, '2026-03-07 13:33:00'),
(127, 'HD202600127', 'TX2026001274050', 4, 68, 'Hoàng Bảo Trúc', '0910937788', 187000.00, 0.00, 187000.00, NULL, 18, 187000.00, 0.00, 'transfer', 'paid', NULL, NULL, NULL, '2026-03-08 14:46:00'),
(128, 'HD202600128', 'TX2026001288007', 5, 9, 'Bùi Văn Dũng', '0910124119', 296000.00, 0.00, 296000.00, NULL, 29, 296000.00, 0.00, 'qr', 'paid', NULL, NULL, NULL, '2026-03-09 15:59:00'),
(129, 'HD202600129', 'TX2026001293303', 2, 20, 'Nguyễn Bảo Yến', '0910275820', 42000.00, 0.00, 42000.00, NULL, 4, 50000.00, 8000.00, 'cash', 'paid', NULL, NULL, NULL, '2026-03-10 17:12:00'),
(130, 'HD202600130', 'TX2026001306400', 4, 31, 'Mai Thanh Hạnh', '0910427521', 278000.00, 0.00, 278000.00, NULL, 27, 278000.00, 0.00, 'transfer', 'paid', NULL, NULL, NULL, '2026-03-11 17:25:00'),
(131, 'HD202600131', 'TX2026001319233', 7, 42, 'Đặng Văn Huy', '0910579222', 243000.00, 0.00, 243000.00, NULL, 24, 243000.00, 0.00, 'qr', 'paid', NULL, NULL, NULL, '2026-03-12 18:38:00'),
(132, 'HD202600132', 'TX2026001323188', 2, NULL, 'Khách lẻ', NULL, 211000.00, 0.00, 211000.00, NULL, 0, 220000.00, 9000.00, 'cash', 'paid', NULL, NULL, NULL, '2026-03-13 08:51:00'),
(133, 'HD202600133', 'TX2026001332341', 4, 64, 'Lý Thanh Thiện', '0910882624', 423000.00, 0.00, 423000.00, NULL, 42, 423000.00, 0.00, 'transfer', 'paid', NULL, NULL, NULL, '2026-03-14 10:04:00'),
(134, 'HD202600134', 'TX2026001343695', 5, 5, 'Phan Bảo Giang', '0910068955', 534000.00, 0.00, 534000.00, NULL, 53, 534000.00, 0.00, 'qr', 'paid', NULL, NULL, NULL, '2026-03-15 10:17:00'),
(135, 'HD202600135', 'TX2026001353161', 2, 16, 'Đỗ Thanh Tâm', '0910220656', 590000.00, 0.00, 590000.00, NULL, 59, 590000.00, 0.00, 'cash', 'paid', NULL, NULL, NULL, '2026-03-16 11:30:00'),
(136, 'HD202600136', 'TX2026001364570', 4, 27, 'Trần Văn Linh', '0910372357', 272000.00, 10000.00, 262000.00, NULL, 26, 262000.00, 0.00, 'transfer', 'paid', NULL, NULL, NULL, '2026-03-17 12:43:00'),
(137, 'HD202600137', 'TX2026001371987', 7, 38, 'Cao Bảo Trúc', '0910524058', 245000.00, 0.00, 245000.00, NULL, 24, 245000.00, 0.00, 'qr', 'paid', NULL, NULL, NULL, '2026-03-18 13:56:00'),
(138, 'HD202600138', 'TX2026001383948', 2, NULL, 'Khách lẻ', NULL, 208000.00, 0.00, 208000.00, NULL, 0, 210000.00, 2000.00, 'cash', 'paid', NULL, NULL, NULL, '2026-03-19 15:09:00'),
(139, 'HD202600139', 'TX2026001399802', 4, NULL, 'Khách lẻ', NULL, 248000.00, 0.00, 248000.00, NULL, 0, 248000.00, 0.00, 'transfer', 'paid', NULL, NULL, NULL, '2026-03-20 15:22:00'),
(140, 'HD202600140', 'TX2026001409920', 5, 1, 'Phạm Thanh Hạnh', '0910013791', 181000.00, 0.00, 181000.00, NULL, 18, 181000.00, 0.00, 'qr', 'paid', NULL, NULL, NULL, '2026-03-21 16:35:00'),
(141, 'HD202600141', 'TX2026001411256', 2, 12, 'Tạ Văn Huy', '0910165492', 240000.00, 0.00, 240000.00, NULL, 24, 240000.00, 0.00, 'cash', 'paid', NULL, NULL, NULL, '2026-03-22 17:48:00'),
(142, 'HD202600142', 'TX2026001421797', 4, 23, 'Hồ Bảo Mai', '0910317193', 28500.00, 0.00, 28500.00, NULL, 2, 28500.00, 0.00, 'transfer', 'paid', NULL, NULL, NULL, '2026-03-23 19:01:00'),
(143, 'HD202600143', 'TX2026001434559', 7, 34, 'Lê Thanh Thiện', '0910468894', 53000.00, 0.00, 53000.00, NULL, 5, 53000.00, 0.00, 'qr', 'paid', NULL, NULL, NULL, '2026-03-24 09:14:00'),
(144, 'HD202600144', 'TX2026001446224', 2, 45, 'Phan Văn Phúc', '0910620595', 35000.00, 0.00, 35000.00, NULL, 3, 40000.00, 5000.00, 'cash', 'paid', NULL, NULL, NULL, '2026-03-25 09:27:00'),
(145, 'HD202600145', 'TX2026001455508', 4, 56, 'Đỗ Bảo Chi', '0910772296', 250000.00, 0.00, 250000.00, NULL, 0, 250000.00, 0.00, 'transfer', 'cancelled', '2026-03-26 11:15:00', 1, 'Khách đổi ý sau khi thanh toán', '2026-03-26 10:40:00'),
(146, 'HD202600146', 'TX2026001467821', 5, 67, 'Trần Thanh Vy', '0910923997', 234000.00, 0.00, 234000.00, NULL, 23, 234000.00, 0.00, 'qr', 'paid', NULL, NULL, NULL, '2026-03-27 11:53:00'),
(147, 'HD202600147', 'TX2026001473365', 2, 8, 'Hoàng Bảo Trúc', '0910110328', 222000.00, 0.00, 222000.00, NULL, 22, 230000.00, 8000.00, 'cash', 'paid', NULL, NULL, NULL, '2026-03-28 13:06:00'),
(148, 'HD202600148', 'TX2026001489683', 4, NULL, 'Khách lẻ', NULL, 57500.00, 0.00, 57500.00, NULL, 0, 57500.00, 0.00, 'transfer', 'paid', NULL, NULL, NULL, '2026-03-29 13:19:00'),
(149, 'HD202600149', 'TX2026001492514', 7, 30, 'Ngô Văn An', '0910413730', 230000.00, 0.00, 230000.00, NULL, 23, 230000.00, 0.00, 'qr', 'paid', NULL, NULL, NULL, '2026-03-30 14:32:00'),
(150, 'HD202600150', 'TX2026001502192', 2, 41, 'Phạm Bảo Thảo', '0910565431', 265000.00, 0.00, 265000.00, NULL, 26, 270000.00, 5000.00, 'cash', 'paid', NULL, NULL, NULL, '2026-03-31 15:45:00'),
(151, 'HD202600151', 'TX2026001518846', 4, 52, 'Tạ Thanh Em', '0910717132', 313000.00, 0.00, 313000.00, NULL, 31, 313000.00, 0.00, 'transfer', 'paid', NULL, NULL, NULL, '2026-04-01 16:58:00'),
(152, 'HD202600152', 'TX2026001525285', 5, NULL, 'Khách lẻ', NULL, 373000.00, 0.00, 373000.00, NULL, 0, 373000.00, 0.00, 'qr', 'paid', NULL, NULL, NULL, '2026-04-02 18:11:00'),
(153, 'HD202600153', 'TX2026001531749', 2, 4, 'Lý Thanh Thiện', '0910055164', 403000.00, 10000.00, 393000.00, NULL, 39, 400000.00, 7000.00, 'cash', 'paid', NULL, NULL, NULL, '2026-04-03 18:24:00'),
(154, 'HD202600154', 'TX2026001547841', 4, 15, 'Võ Văn Phúc', '0910206865', 170000.00, 10000.00, 160000.00, 36, 16, 160000.00, 0.00, 'transfer', 'paid', NULL, NULL, NULL, '2026-04-04 08:37:00'),
(155, 'HD202600155', 'TX2026001556530', 7, 26, 'Huỳnh Bảo Chi', '0910358566', 268000.00, 0.00, 268000.00, NULL, 26, 268000.00, 0.00, 'qr', 'paid', NULL, NULL, NULL, '2026-04-05 09:50:00'),
(156, 'HD202600156', 'TX2026001569000', 2, 37, 'Dương Thanh Vy', '0910510267', 230000.00, 0.00, 230000.00, NULL, 23, 230000.00, 0.00, 'cash', 'paid', NULL, NULL, NULL, '2026-04-06 11:03:00'),
(157, 'HD202600157', 'TX2026001573474', 4, 48, 'Hoàng Văn Hà', '0910661968', 232000.00, 0.00, 232000.00, NULL, 23, 232000.00, 0.00, 'transfer', 'paid', NULL, NULL, NULL, '2026-04-07 11:16:00'),
(158, 'HD202600158', 'TX2026001587739', 5, 59, 'Đinh Bảo Sơn', '0910813669', 287000.00, 0.00, 287000.00, NULL, 28, 287000.00, 0.00, 'qr', 'paid', NULL, NULL, NULL, '2026-04-08 12:29:00'),
(159, 'HD202600159', 'TX2026001594948', 2, 70, 'Ngô Thanh Long', '0910965370', 297000.00, 0.00, 297000.00, NULL, 29, 300000.00, 3000.00, 'cash', 'paid', NULL, NULL, NULL, '2026-04-09 13:42:00'),
(160, 'HD202600160', 'TX2026001602320', 4, 11, 'Mai Bảo Thảo', '0910151701', 553000.00, 0.00, 553000.00, NULL, 55, 553000.00, 0.00, 'transfer', 'paid', NULL, NULL, NULL, '2026-04-10 14:55:00'),
(161, 'HD202600161', 'TX2026001618798', 7, 22, 'Đặng Thanh Em', '0910303402', 66000.00, 0.00, 66000.00, NULL, 6, 66000.00, 0.00, 'qr', 'paid', NULL, NULL, NULL, '2026-04-11 16:08:00'),
(162, 'HD202600162', 'TX2026001628109', 2, 33, 'Vũ Văn Tú', '0910455103', 177000.00, 0.00, 177000.00, NULL, 17, 180000.00, 3000.00, 'cash', 'paid', NULL, NULL, NULL, '2026-04-12 16:21:00'),
(163, 'HD202600163', 'TX2026001635441', 4, 44, 'Lý Bảo Khang', '0910606804', 339000.00, 0.00, 339000.00, NULL, 33, 339000.00, 0.00, 'transfer', 'paid', NULL, NULL, NULL, '2026-04-13 17:34:00'),
(164, 'HD202600164', 'TX2026001641539', 5, 55, 'Võ Thanh My', '0910758505', 315000.00, 0.00, 315000.00, NULL, 31, 315000.00, 0.00, 'qr', 'paid', NULL, NULL, NULL, '2026-04-14 18:47:00'),
(165, 'HD202600165', 'TX2026001654939', 2, 66, 'Huỳnh Văn Nam', '0910910206', 236000.00, 0.00, 236000.00, NULL, 23, 240000.00, 4000.00, 'cash', 'paid', NULL, NULL, NULL, '2026-04-15 09:00:00'),
(166, 'HD202600166', 'TX2026001662600', 4, 7, 'Trần Thanh Vy', '0910096537', 383000.00, 0.00, 383000.00, NULL, 38, 383000.00, 0.00, 'transfer', 'paid', NULL, NULL, NULL, '2026-04-16 10:13:00'),
(167, 'HD202600167', 'TX2026001677499', 7, 18, 'Cao Văn Hà', '0910248238', 270000.00, 0.00, 270000.00, NULL, 27, 270000.00, 0.00, 'qr', 'paid', NULL, NULL, NULL, '2026-04-17 10:26:00'),
(168, 'HD202600168', 'TX2026001687150', 2, NULL, 'Khách lẻ', NULL, 215000.00, 0.00, 215000.00, NULL, 0, 220000.00, 5000.00, 'cash', 'paid', NULL, NULL, NULL, '2026-04-18 11:39:00'),
(169, 'HD202600169', 'TX2026001693527', 4, 40, 'Nguyễn Thanh Long', '0910551640', 394000.00, 0.00, 394000.00, NULL, 39, 394000.00, 0.00, 'transfer', 'paid', NULL, NULL, NULL, '2026-04-19 12:52:00'),
(170, 'HD202600170', 'TX2026001702674', 5, 51, 'Mai Văn Khánh', '0910703341', 108500.00, 0.00, 108500.00, NULL, 10, 108500.00, 0.00, 'qr', 'paid', NULL, NULL, NULL, '2026-04-20 14:05:00'),
(171, 'HD202600171', 'TX2026001712692', 2, 62, 'Đặng Bảo Phong', '0910855042', 165000.00, 0.00, 165000.00, NULL, 16, 170000.00, 5000.00, 'cash', 'paid', NULL, NULL, NULL, '2026-04-21 14:18:00'),
(172, 'HD202600172', 'TX2026001727353', 4, 3, 'Hồ Văn Tú', '0910041373', 246500.00, 0.00, 246500.00, NULL, 24, 246500.00, 0.00, 'transfer', 'paid', NULL, NULL, NULL, '2026-04-22 15:31:00'),
(173, 'HD202600173', 'TX2026001733390', 7, NULL, 'Khách lẻ', NULL, 582000.00, 0.00, 582000.00, NULL, 0, 582000.00, 0.00, 'qr', 'paid', NULL, NULL, NULL, '2026-04-23 16:44:00'),
(174, 'HD202600174', 'TX2026001744203', 2, 25, 'Phan Thanh My', '0910344775', 359000.00, 0.00, 359000.00, NULL, 0, 360000.00, 1000.00, 'cash', 'cancelled', '2026-04-24 18:32:00', 1, 'Khách đổi ý sau khi thanh toán', '2026-04-24 17:57:00'),
(175, 'HD202600175', 'TX2026001756399', 4, 36, 'Đỗ Văn Nam', '0910496476', 197000.00, 0.00, 197000.00, NULL, 19, 197000.00, 0.00, 'transfer', 'paid', NULL, NULL, NULL, '2026-04-25 19:10:00'),
(176, 'HD202600176', 'TX2026001767524', 5, 47, 'Trần Bảo Tín', '0910648177', 360000.00, 20000.00, 340000.00, 42, 34, 340000.00, 0.00, 'qr', 'paid', NULL, NULL, NULL, '2026-04-26 08:23:00'),
(177, 'HD202600177', 'TX2026001775592', 2, NULL, 'Khách lẻ', NULL, 270000.00, 0.00, 270000.00, NULL, 0, 270000.00, 0.00, 'cash', 'paid', NULL, NULL, NULL, '2026-04-27 09:36:00'),
(178, 'HD202600178', 'TX2026001784434', 4, NULL, 'Khách lẻ', NULL, 555000.00, 0.00, 555000.00, NULL, 0, 555000.00, 0.00, 'transfer', 'paid', NULL, NULL, NULL, '2026-04-28 10:49:00'),
(179, 'HD202600179', 'TX2026001795139', 7, 10, 'Ngô Thanh Long', '0910137910', 228500.00, 0.00, 228500.00, NULL, 22, 228500.00, 0.00, 'qr', 'paid', NULL, NULL, NULL, '2026-04-29 12:02:00'),
(180, 'HD202600180', 'TX2026001809907', 2, 21, 'Phạm Văn Khánh', '0910289611', 374000.00, 0.00, 374000.00, NULL, 37, 380000.00, 6000.00, 'cash', 'paid', NULL, NULL, NULL, '2026-04-30 12:15:00'),
(181, 'HD2026070519073167', '7ea66417f6b3ca4d74937726972058f2a6394d6d8c1da8a155f22ed4de8fb87d', 1, NULL, 'Nguyễn Văn Hào', NULL, 144000.00, 0.00, 144000.00, NULL, 0, 500000.00, 356000.00, 'cash', 'paid', NULL, NULL, NULL, '2026-07-06 00:07:31');

-- --------------------------------------------------------

--
-- Cấu trúc đóng vai cho view `invoices`
-- (See below for the actual view)
--
CREATE TABLE `invoices` (
`id` int(11)
,`invoice_code` varchar(50)
,`checkout_token` varchar(100)
,`user_id` int(11)
,`customer_id` int(11)
,`customer_name` varchar(120)
,`customer_phone` varchar(20)
,`subtotal_amount` decimal(15,2)
,`discount_amount` decimal(15,2)
,`total_amount` decimal(15,2)
,`voucher_id` int(11)
,`points_earned` int(11)
,`customer_money` decimal(15,2)
,`change_money` decimal(15,2)
,`payment_method` enum('cash','transfer','qr')
,`status` enum('paid','cancelled')
,`cancelled_at` datetime
,`cancelled_by` int(11)
,`cancel_reason` varchar(255)
,`created_at` datetime
);

-- --------------------------------------------------------

--
-- Cấu trúc đóng vai cho view `invoice_details`
-- (See below for the actual view)
--
CREATE TABLE `invoice_details` (
`id` int(11)
,`invoice_id` int(11)
,`product_id` int(11)
,`product_code` varchar(30)
,`product_name` varchar(150)
,`quantity` int(11)
,`price` decimal(15,2)
,`subtotal` decimal(15,2)
);

-- --------------------------------------------------------

--
-- Cấu trúc bảng cho bảng `khachhang`
--

CREATE TABLE `khachhang` (
  `maKH` int(11) NOT NULL,
  `tenKH` varchar(120) NOT NULL,
  `sdt` varchar(20) NOT NULL,
  `diemTichLuy` int(11) NOT NULL DEFAULT 0,
  `tongChiTieu` decimal(15,2) NOT NULL DEFAULT 0.00,
  `trangThai` tinyint(1) NOT NULL DEFAULT 1,
  `ngayTao` datetime NOT NULL DEFAULT current_timestamp()
) ENGINE=InnoDB DEFAULT CHARSET=utf8mb4 COLLATE=utf8mb4_unicode_ci;

--
-- Đang đổ dữ liệu cho bảng `khachhang`
--

INSERT INTO `khachhang` (`maKH`, `tenKH`, `sdt`, `diemTichLuy`, `tongChiTieu`, `trangThai`, `ngayTao`) VALUES
(1, 'Phạm Thanh Hạnh', '0910013791', 18, 181000.00, 1, '2026-01-06 09:07:00'),
(2, 'Đặng Bảo Phong', '0910027582', 82, 823000.00, 1, '2026-01-07 09:14:00'),
(3, 'Hồ Văn Tú', '0910041373', 80, 807500.00, 1, '2026-01-08 09:21:00'),
(4, 'Lý Thanh Thiện', '0910055164', 77, 772000.00, 1, '2026-01-09 09:28:00'),
(5, 'Phan Bảo Giang', '0910068955', 92, 926500.00, 1, '2026-01-10 09:35:00'),
(6, 'Huỳnh Văn Nam', '0910082746', 36, 367000.00, 1, '2026-01-11 09:42:00'),
(7, 'Trần Thanh Vy', '0910096537', 38, 383000.00, 1, '2026-01-12 09:49:00'),
(8, 'Hoàng Bảo Trúc', '0910110328', 92, 928000.00, 1, '2026-01-13 09:56:00'),
(9, 'Bùi Văn Dũng', '0910124119', 29, 296000.00, 1, '2026-01-14 10:03:00'),
(10, 'Ngô Thanh Long', '0910137910', 48, 486000.00, 1, '2026-01-15 10:10:00'),
(11, 'Mai Bảo Thảo', '0910151701', 84, 844000.00, 1, '2026-01-16 10:17:00'),
(12, 'Tạ Văn Huy', '0910165492', 93, 932000.00, 1, '2026-01-17 10:24:00'),
(13, 'Vũ Thanh Bình', '0910179283', 52, 529000.00, 1, '2026-01-18 10:31:00'),
(14, 'Lê Bảo Khang', '0910193074', 10, 108000.00, 1, '2026-01-19 10:38:00'),
(15, 'Võ Văn Phúc', '0910206865', 64, 644000.00, 1, '2026-01-20 10:45:00'),
(16, 'Đỗ Thanh Tâm', '0910220656', 85, 854000.00, 1, '2026-01-21 10:52:00'),
(17, 'Dương Bảo Tín', '0910234447', 31, 314000.00, 1, '2026-01-22 10:59:00'),
(18, 'Cao Văn Hà', '0910248238', 36, 360000.00, 1, '2026-01-23 11:06:00'),
(19, 'Đinh Thanh Nhi', '0910262029', 44, 448000.00, 1, '2026-01-24 11:13:00'),
(20, 'Nguyễn Bảo Yến', '0910275820', 6, 68000.00, 1, '2026-01-25 11:20:00'),
(21, 'Phạm Văn Khánh', '0910289611', 93, 934000.00, 1, '2026-01-26 11:27:00'),
(22, 'Đặng Thanh Em', '0910303402', 62, 624000.00, 1, '2026-01-27 11:34:00'),
(23, 'Hồ Bảo Mai', '0910317193', 45, 452500.00, 1, '2026-01-28 11:41:00'),
(24, 'Lý Văn Trang', '0910330984', 36, 363000.00, 1, '2026-01-29 11:48:00'),
(25, 'Phan Thanh My', '0910344775', 49, 496000.00, 1, '2026-01-30 11:55:00'),
(26, 'Huỳnh Bảo Chi', '0910358566', 68, 681000.00, 1, '2026-01-31 12:02:00'),
(27, 'Trần Văn Linh', '0910372357', 60, 602000.00, 1, '2026-02-01 12:09:00'),
(28, 'Hoàng Thanh Quân', '0910386148', 74, 741000.00, 1, '2026-02-02 12:16:00'),
(29, 'Bùi Bảo Sơn', '0910399939', 31, 316500.00, 1, '2026-02-03 12:23:00'),
(30, 'Ngô Văn An', '0910413730', 23, 230000.00, 1, '2026-02-04 12:30:00'),
(31, 'Mai Thanh Hạnh', '0910427521', 46, 462000.00, 1, '2026-02-05 12:37:00'),
(32, 'Tạ Bảo Phong', '0910441312', 65, 650000.00, 1, '2026-02-06 12:44:00'),
(33, 'Vũ Văn Tú', '0910455103', 38, 385000.00, 1, '2026-02-07 12:51:00'),
(34, 'Lê Thanh Thiện', '0910468894', 43, 438000.00, 1, '2026-02-08 12:58:00'),
(35, 'Võ Bảo Giang', '0910482685', 17, 173000.00, 1, '2026-02-09 13:05:00'),
(36, 'Đỗ Văn Nam', '0910496476', 115, 1157000.00, 1, '2026-02-10 13:12:00'),
(37, 'Dương Thanh Vy', '0910510267', 123, 1236000.00, 1, '2026-02-11 13:19:00'),
(38, 'Cao Bảo Trúc', '0910524058', 57, 577500.00, 1, '2026-02-12 13:26:00'),
(39, 'Đinh Văn Dũng', '0910537849', 13, 132000.00, 1, '2026-02-13 13:33:00'),
(40, 'Nguyễn Thanh Long', '0910551640', 66, 660500.00, 1, '2026-02-14 13:40:00'),
(41, 'Phạm Bảo Thảo', '0910565431', 90, 906000.00, 1, '2026-02-15 13:47:00'),
(42, 'Đặng Văn Huy', '0910579222', 42, 426000.00, 1, '2026-02-16 13:54:00'),
(43, 'Hồ Thanh Bình', '0910593013', 59, 596000.00, 1, '2026-02-17 14:01:00'),
(44, 'Lý Bảo Khang', '0910606804', 61, 616000.00, 1, '2026-02-18 14:08:00'),
(45, 'Phan Văn Phúc', '0910620595', 3, 35000.00, 1, '2026-02-19 14:15:00'),
(46, 'Huỳnh Thanh Tâm', '0910634386', 47, 474000.00, 1, '2026-02-20 14:22:00'),
(47, 'Trần Bảo Tín', '0910648177', 74, 742000.00, 1, '2026-02-21 14:29:00'),
(48, 'Hoàng Văn Hà', '0910661968', 23, 232000.00, 1, '2026-02-22 14:36:00'),
(49, 'Bùi Thanh Nhi', '0910675759', 0, 0.00, 1, '2026-02-23 14:43:00'),
(50, 'Ngô Bảo Yến', '0910689550', 61, 613000.00, 1, '2026-02-24 14:50:00'),
(51, 'Mai Văn Khánh', '0910703341', 57, 576500.00, 1, '2026-02-25 14:57:00'),
(52, 'Tạ Thanh Em', '0910717132', 72, 725000.00, 1, '2026-02-26 15:04:00'),
(53, 'Vũ Bảo Mai', '0910730923', 0, 0.00, 1, '2026-02-27 15:11:00'),
(54, 'Lê Văn Trang', '0910744714', 6, 61000.00, 1, '2026-02-28 15:18:00'),
(55, 'Võ Thanh My', '0910758505', 91, 914000.00, 1, '2026-03-01 15:25:00'),
(56, 'Đỗ Bảo Chi', '0910772296', 41, 415000.00, 1, '2026-03-02 15:32:00'),
(57, 'Dương Văn Linh', '0910786087', 11, 117000.00, 1, '2026-03-03 15:39:00'),
(58, 'Cao Thanh Quân', '0910799878', 39, 391000.00, 1, '2026-03-04 15:46:00'),
(59, 'Đinh Bảo Sơn', '0910813669', 70, 700000.00, 1, '2026-03-05 15:53:00'),
(60, 'Nguyễn Văn An', '0910827460', 40, 400000.00, 1, '2026-03-06 16:00:00'),
(61, 'Phạm Thanh Hạnh', '0910841251', 21, 218000.00, 1, '2026-03-07 16:07:00'),
(62, 'Đặng Bảo Phong', '0910855042', 60, 609000.00, 1, '2026-03-08 16:14:00'),
(63, 'Hồ Văn Tú', '0910868833', 35, 353000.00, 1, '2026-03-09 16:21:00'),
(64, 'Lý Thanh Thiện', '0910882624', 118, 1189000.00, 1, '2026-03-10 16:28:00'),
(65, 'Phan Bảo Giang', '0910896415', 67, 673000.00, 1, '2026-03-11 16:35:00'),
(66, 'Huỳnh Văn Nam', '0910910206', 101, 1017000.00, 1, '2026-03-12 16:42:00'),
(67, 'Trần Thanh Vy', '0910923997', 55, 554000.00, 1, '2026-03-13 16:49:00'),
(68, 'Hoàng Bảo Trúc', '0910937788', 43, 436000.00, 1, '2026-03-14 16:56:00'),
(69, 'Bùi Văn Dũng', '0910951579', 40, 403000.00, 1, '2026-03-15 17:03:00'),
(70, 'Ngô Thanh Long', '0910965370', 64, 648000.00, 1, '2026-03-16 17:10:00');

-- --------------------------------------------------------

--
-- Cấu trúc bảng cho bảng `nguoidung`
--

CREATE TABLE `nguoidung` (
  `maTK` int(11) NOT NULL,
  `tenDangNhap` varchar(50) NOT NULL,
  `matKhau` varchar(255) NOT NULL,
  `hoTen` varchar(120) NOT NULL,
  `vaiTro` enum('admin','cashier','warehouse') NOT NULL DEFAULT 'cashier',
  `trangThai` tinyint(1) NOT NULL DEFAULT 1,
  `ngayTao` datetime NOT NULL DEFAULT current_timestamp()
) ENGINE=InnoDB DEFAULT CHARSET=utf8mb4 COLLATE=utf8mb4_unicode_ci;

--
-- Đang đổ dữ liệu cho bảng `nguoidung`
--

INSERT INTO `nguoidung` (`maTK`, `tenDangNhap`, `matKhau`, `hoTen`, `vaiTro`, `trangThai`, `ngayTao`) VALUES
(1, 'admin', '$2y$12$yA4HuTE5YtV.oV8aJr43mu/N.4vJyjCo7Otn3023.55HWIjeOFFZa', 'Quản lý cửa hàng', 'admin', 1, '2026-01-01 08:00:00'),
(2, 'nhanvien', '$2y$12$yA4HuTE5YtV.oV8aJr43mu/N.4vJyjCo7Otn3023.55HWIjeOFFZa', 'Nhân viên thu ngân', 'cashier', 1, '2026-01-01 08:05:00'),
(3, 'kho', '$2y$12$yA4HuTE5YtV.oV8aJr43mu/N.4vJyjCo7Otn3023.55HWIjeOFFZa', 'Nhân viên kho', 'warehouse', 1, '2026-01-01 08:10:00'),
(4, 'thungan01', '$2y$12$yA4HuTE5YtV.oV8aJr43mu/N.4vJyjCo7Otn3023.55HWIjeOFFZa', 'Lê Minh Thu', 'cashier', 1, '2026-01-03 09:00:00'),
(5, 'thungan02', '$2y$12$yA4HuTE5YtV.oV8aJr43mu/N.4vJyjCo7Otn3023.55HWIjeOFFZa', 'Phạm Hoàng Nam', 'cashier', 1, '2026-01-03 09:10:00'),
(6, 'kho01', '$2y$12$yA4HuTE5YtV.oV8aJr43mu/N.4vJyjCo7Otn3023.55HWIjeOFFZa', 'Đỗ Quốc Bảo', 'warehouse', 1, '2026-01-03 09:20:00'),
(7, 'quanly02', '$2y$12$yA4HuTE5YtV.oV8aJr43mu/N.4vJyjCo7Otn3023.55HWIjeOFFZa', 'Trần Mai Hương', 'admin', 1, '2026-01-03 09:30:00');

-- --------------------------------------------------------

--
-- Cấu trúc bảng cho bảng `nhanvienkho`
--

CREATE TABLE `nhanvienkho` (
  `maTK` int(11) NOT NULL,
  `ghiChu` varchar(255) DEFAULT NULL
) ENGINE=InnoDB DEFAULT CHARSET=utf8mb4 COLLATE=utf8mb4_unicode_ci;

--
-- Đang đổ dữ liệu cho bảng `nhanvienkho`
--

INSERT INTO `nhanvienkho` (`maTK`, `ghiChu`) VALUES
(3, 'Tài khoản nhân viên kho'),
(6, 'Nhân viên kho phụ trách nhập hàng');

-- --------------------------------------------------------

--
-- Cấu trúc bảng cho bảng `nhatkyhoatdong`
--

CREATE TABLE `nhatkyhoatdong` (
  `maNK` int(11) NOT NULL,
  `maTK` int(11) DEFAULT NULL,
  `hanhDong` varchar(80) NOT NULL,
  `moTa` varchar(255) NOT NULL,
  `ngayTao` datetime NOT NULL DEFAULT current_timestamp()
) ENGINE=InnoDB DEFAULT CHARSET=utf8mb4 COLLATE=utf8mb4_unicode_ci;

--
-- Đang đổ dữ liệu cho bảng `nhatkyhoatdong`
--

INSERT INTO `nhatkyhoatdong` (`maNK`, `maTK`, `hanhDong`, `moTa`, `ngayTao`) VALUES
(1, 2, 'create_invoice', 'Lập hóa đơn HD202600008', '2026-03-02 07:47:00'),
(2, 3, 'cancel_invoice', 'Kiểm tra/hủy hóa đơn HD202600023', '2026-03-03 08:04:00'),
(3, 4, 'stock_import', 'Nhập kho phiếu PN20260016', '2026-03-04 08:21:00'),
(4, 5, 'update_product', 'Cập nhật thông tin sản phẩm SP013', '2026-03-05 08:38:00'),
(5, 6, 'create_customer', 'Thêm/cập nhật khách hàng thành viên KH021', '2026-03-06 08:55:00'),
(6, 7, 'voucher_exchange', 'Quy đổi hoặc kiểm tra voucher TV2026013', '2026-03-07 09:12:00'),
(7, NULL, 'report_view', 'Xem báo cáo doanh thu và sản phẩm bán chạy', '2026-03-08 09:29:00'),
(8, 1, 'low_stock_check', 'Kiểm tra danh sách hàng sắp hết trong kho', '2026-03-09 09:46:00'),
(9, 2, 'login', 'Người dùng đăng nhập hệ thống', '2026-03-10 10:03:00'),
(10, 3, 'create_invoice', 'Lập hóa đơn HD202600071', '2026-03-11 10:20:00'),
(11, 4, 'cancel_invoice', 'Kiểm tra/hủy hóa đơn HD202600122', '2026-03-12 10:37:00'),
(12, 5, 'stock_import', 'Nhập kho phiếu PN20260001', '2026-03-13 10:54:00'),
(13, 6, 'update_product', 'Cập nhật thông tin sản phẩm SP040', '2026-03-14 11:11:00'),
(14, 7, 'create_customer', 'Thêm/cập nhật khách hàng thành viên KH057', '2026-03-15 11:28:00'),
(15, NULL, 'voucher_exchange', 'Quy đổi hoặc kiểm tra voucher TV2026031', '2026-03-16 11:45:00'),
(16, 1, 'report_view', 'Xem báo cáo doanh thu và sản phẩm bán chạy', '2026-03-17 12:02:00'),
(17, 2, 'low_stock_check', 'Kiểm tra danh sách hàng sắp hết trong kho', '2026-03-18 12:19:00'),
(18, 3, 'login', 'Người dùng đăng nhập hệ thống', '2026-03-19 12:36:00'),
(19, 4, 'create_invoice', 'Lập hóa đơn HD202600134', '2026-03-20 12:53:00'),
(20, 5, 'cancel_invoice', 'Kiểm tra/hủy hóa đơn HD202600041', '2026-03-21 13:10:00'),
(21, 6, 'stock_import', 'Nhập kho phiếu PN20260016', '2026-03-22 13:27:00'),
(22, 7, 'update_product', 'Cập nhật thông tin sản phẩm SP067', '2026-03-23 13:44:00'),
(23, NULL, 'create_customer', 'Thêm/cập nhật khách hàng thành viên KH023', '2026-03-24 14:01:00'),
(24, 1, 'voucher_exchange', 'Quy đổi hoặc kiểm tra voucher TV2026049', '2026-03-25 14:18:00'),
(25, 2, 'report_view', 'Xem báo cáo doanh thu và sản phẩm bán chạy', '2026-03-26 14:35:00'),
(26, 3, 'low_stock_check', 'Kiểm tra danh sách hàng sắp hết trong kho', '2026-03-27 14:52:00'),
(27, 4, 'login', 'Người dùng đăng nhập hệ thống', '2026-03-28 15:09:00'),
(28, 5, 'create_invoice', 'Lập hóa đơn HD202600017', '2026-03-29 15:26:00'),
(29, 6, 'cancel_invoice', 'Kiểm tra/hủy hóa đơn HD202600140', '2026-03-30 15:43:00'),
(30, 7, 'stock_import', 'Nhập kho phiếu PN20260001', '2026-03-31 16:00:00'),
(31, NULL, 'update_product', 'Cập nhật thông tin sản phẩm SP094', '2026-04-01 16:17:00'),
(32, 1, 'create_customer', 'Thêm/cập nhật khách hàng thành viên KH059', '2026-04-02 16:34:00'),
(33, 2, 'voucher_exchange', 'Quy đổi hoặc kiểm tra voucher TV2026017', '2026-04-03 16:51:00'),
(34, 3, 'report_view', 'Xem báo cáo doanh thu và sản phẩm bán chạy', '2026-04-04 17:08:00'),
(35, 4, 'low_stock_check', 'Kiểm tra danh sách hàng sắp hết trong kho', '2026-04-05 17:25:00'),
(36, 5, 'login', 'Người dùng đăng nhập hệ thống', '2026-04-06 17:42:00'),
(37, 6, 'create_invoice', 'Lập hóa đơn HD202600080', '2026-04-07 17:59:00'),
(38, 7, 'cancel_invoice', 'Kiểm tra/hủy hóa đơn HD202600059', '2026-04-08 18:16:00'),
(39, NULL, 'stock_import', 'Nhập kho phiếu PN20260016', '2026-04-09 18:33:00'),
(40, 1, 'update_product', 'Cập nhật thông tin sản phẩm SP021', '2026-04-10 18:50:00'),
(41, 2, 'create_customer', 'Thêm/cập nhật khách hàng thành viên KH025', '2026-04-11 19:07:00'),
(42, 3, 'voucher_exchange', 'Quy đổi hoặc kiểm tra voucher TV2026035', '2026-04-12 19:24:00'),
(43, 4, 'report_view', 'Xem báo cáo doanh thu và sản phẩm bán chạy', '2026-04-13 19:41:00'),
(44, 5, 'low_stock_check', 'Kiểm tra danh sách hàng sắp hết trong kho', '2026-04-14 19:58:00'),
(45, 6, 'login', 'Người dùng đăng nhập hệ thống', '2026-04-15 20:15:00'),
(46, 7, 'create_invoice', 'Lập hóa đơn HD202600143', '2026-04-16 20:32:00'),
(47, NULL, 'cancel_invoice', 'Kiểm tra/hủy hóa đơn HD202600158', '2026-04-17 20:49:00'),
(48, 1, 'stock_import', 'Nhập kho phiếu PN20260001', '2026-04-18 21:06:00'),
(49, 2, 'update_product', 'Cập nhật thông tin sản phẩm SP048', '2026-04-19 21:23:00'),
(50, 3, 'create_customer', 'Thêm/cập nhật khách hàng thành viên KH061', '2026-04-20 21:40:00'),
(51, 4, 'voucher_exchange', 'Quy đổi hoặc kiểm tra voucher TV2026003', '2026-04-21 21:57:00'),
(52, 5, 'report_view', 'Xem báo cáo doanh thu và sản phẩm bán chạy', '2026-04-22 22:14:00'),
(53, 6, 'low_stock_check', 'Kiểm tra danh sách hàng sắp hết trong kho', '2026-04-23 22:31:00'),
(54, 7, 'login', 'Người dùng đăng nhập hệ thống', '2026-04-24 22:48:00'),
(55, NULL, 'create_invoice', 'Lập hóa đơn HD202600026', '2026-04-25 23:05:00'),
(56, 1, 'cancel_invoice', 'Kiểm tra/hủy hóa đơn HD202600077', '2026-04-26 23:22:00'),
(57, 2, 'stock_import', 'Nhập kho phiếu PN20260016', '2026-04-27 23:39:00'),
(58, 3, 'update_product', 'Cập nhật thông tin sản phẩm SP075', '2026-04-28 23:56:00'),
(59, 4, 'create_customer', 'Thêm/cập nhật khách hàng thành viên KH027', '2026-04-30 00:13:00'),
(60, 5, 'voucher_exchange', 'Quy đổi hoặc kiểm tra voucher TV2026021', '2026-05-01 00:30:00'),
(61, 6, 'report_view', 'Xem báo cáo doanh thu và sản phẩm bán chạy', '2026-05-02 00:47:00'),
(62, 7, 'low_stock_check', 'Kiểm tra danh sách hàng sắp hết trong kho', '2026-05-03 01:04:00'),
(63, NULL, 'login', 'Người dùng đăng nhập hệ thống', '2026-05-04 01:21:00'),
(64, 1, 'create_invoice', 'Lập hóa đơn HD202600089', '2026-05-05 01:38:00'),
(65, 2, 'cancel_invoice', 'Kiểm tra/hủy hóa đơn HD202600176', '2026-05-06 01:55:00'),
(66, 3, 'stock_import', 'Nhập kho phiếu PN20260001', '2026-05-07 02:12:00'),
(67, 4, 'update_product', 'Cập nhật thông tin sản phẩm SP002', '2026-05-08 02:29:00'),
(68, 5, 'create_customer', 'Thêm/cập nhật khách hàng thành viên KH063', '2026-05-09 02:46:00'),
(69, 6, 'voucher_exchange', 'Quy đổi hoặc kiểm tra voucher TV2026039', '2026-05-10 03:03:00'),
(70, 7, 'report_view', 'Xem báo cáo doanh thu và sản phẩm bán chạy', '2026-05-11 03:20:00'),
(71, NULL, 'low_stock_check', 'Kiểm tra danh sách hàng sắp hết trong kho', '2026-05-12 03:37:00'),
(72, 1, 'login', 'Người dùng đăng nhập hệ thống', '2026-05-13 03:54:00'),
(73, 2, 'create_invoice', 'Lập hóa đơn HD202600152', '2026-05-14 04:11:00'),
(74, 3, 'cancel_invoice', 'Kiểm tra/hủy hóa đơn HD202600095', '2026-05-15 04:28:00'),
(75, 4, 'stock_import', 'Nhập kho phiếu PN20260016', '2026-05-16 04:45:00'),
(76, 5, 'update_product', 'Cập nhật thông tin sản phẩm SP029', '2026-05-17 05:02:00'),
(77, 6, 'create_customer', 'Thêm/cập nhật khách hàng thành viên KH029', '2026-05-18 05:19:00'),
(78, 7, 'voucher_exchange', 'Quy đổi hoặc kiểm tra voucher TV2026007', '2026-05-19 05:36:00'),
(79, NULL, 'report_view', 'Xem báo cáo doanh thu và sản phẩm bán chạy', '2026-05-20 05:53:00'),
(80, 1, 'low_stock_check', 'Kiểm tra danh sách hàng sắp hết trong kho', '2026-05-21 06:10:00'),
(81, 2, 'login', 'Người dùng đăng nhập hệ thống', '2026-05-22 06:27:00'),
(82, 3, 'create_invoice', 'Lập hóa đơn HD202600035', '2026-05-23 06:44:00'),
(83, 4, 'cancel_invoice', 'Kiểm tra/hủy hóa đơn HD202600014', '2026-05-24 07:01:00'),
(84, 5, 'stock_import', 'Nhập kho phiếu PN20260001', '2026-05-25 07:18:00'),
(85, 6, 'update_product', 'Cập nhật thông tin sản phẩm SP056', '2026-05-26 07:35:00'),
(86, 7, 'create_customer', 'Thêm/cập nhật khách hàng thành viên KH065', '2026-05-27 07:52:00'),
(87, NULL, 'voucher_exchange', 'Quy đổi hoặc kiểm tra voucher TV2026025', '2026-05-28 08:09:00'),
(88, 1, 'report_view', 'Xem báo cáo doanh thu và sản phẩm bán chạy', '2026-05-29 08:26:00'),
(89, 2, 'low_stock_check', 'Kiểm tra danh sách hàng sắp hết trong kho', '2026-05-30 08:43:00'),
(90, 3, 'login', 'Người dùng đăng nhập hệ thống', '2026-05-31 09:00:00'),
(91, 4, 'create_invoice', 'Lập hóa đơn HD202600098', '2026-06-01 09:17:00'),
(92, 5, 'cancel_invoice', 'Kiểm tra/hủy hóa đơn HD202600113', '2026-06-02 09:34:00'),
(93, 6, 'stock_import', 'Nhập kho phiếu PN20260016', '2026-06-03 09:51:00'),
(94, 7, 'update_product', 'Cập nhật thông tin sản phẩm SP083', '2026-06-04 10:08:00'),
(95, NULL, 'create_customer', 'Thêm/cập nhật khách hàng thành viên KH031', '2026-06-05 10:25:00'),
(96, 1, 'voucher_exchange', 'Quy đổi hoặc kiểm tra voucher TV2026043', '2026-06-06 10:42:00'),
(97, 2, 'report_view', 'Xem báo cáo doanh thu và sản phẩm bán chạy', '2026-06-07 10:59:00'),
(98, 3, 'low_stock_check', 'Kiểm tra danh sách hàng sắp hết trong kho', '2026-06-08 11:16:00'),
(99, 4, 'login', 'Người dùng đăng nhập hệ thống', '2026-06-09 11:33:00'),
(100, 5, 'create_invoice', 'Lập hóa đơn HD202600161', '2026-06-10 11:50:00'),
(101, 6, 'cancel_invoice', 'Kiểm tra/hủy hóa đơn HD202600032', '2026-06-11 12:07:00'),
(102, 7, 'stock_import', 'Nhập kho phiếu PN20260001', '2026-06-12 12:24:00'),
(103, NULL, 'update_product', 'Cập nhật thông tin sản phẩm SP010', '2026-06-13 12:41:00'),
(104, 1, 'create_customer', 'Thêm/cập nhật khách hàng thành viên KH067', '2026-06-14 12:58:00'),
(105, 2, 'voucher_exchange', 'Quy đổi hoặc kiểm tra voucher TV2026011', '2026-06-15 13:15:00'),
(106, 3, 'report_view', 'Xem báo cáo doanh thu và sản phẩm bán chạy', '2026-06-16 13:32:00'),
(107, 4, 'low_stock_check', 'Kiểm tra danh sách hàng sắp hết trong kho', '2026-06-17 13:49:00'),
(108, 5, 'login', 'Người dùng đăng nhập hệ thống', '2026-06-18 14:06:00'),
(109, 6, 'create_invoice', 'Lập hóa đơn HD202600044', '2026-06-19 14:23:00'),
(110, 7, 'cancel_invoice', 'Kiểm tra/hủy hóa đơn HD202600131', '2026-06-20 14:40:00'),
(111, NULL, 'stock_import', 'Nhập kho phiếu PN20260016', '2026-06-21 14:57:00'),
(112, 1, 'update_product', 'Cập nhật thông tin sản phẩm SP037', '2026-06-22 15:14:00'),
(113, 2, 'create_customer', 'Thêm/cập nhật khách hàng thành viên KH033', '2026-06-23 15:31:00'),
(114, 3, 'voucher_exchange', 'Quy đổi hoặc kiểm tra voucher TV2026029', '2026-06-24 15:48:00'),
(115, 4, 'report_view', 'Xem báo cáo doanh thu và sản phẩm bán chạy', '2026-06-25 16:05:00'),
(116, 5, 'low_stock_check', 'Kiểm tra danh sách hàng sắp hết trong kho', '2026-06-26 16:22:00'),
(117, 6, 'login', 'Người dùng đăng nhập hệ thống', '2026-06-27 16:39:00'),
(118, 7, 'create_invoice', 'Lập hóa đơn HD202600107', '2026-06-28 16:56:00'),
(119, NULL, 'cancel_invoice', 'Kiểm tra/hủy hóa đơn HD202600050', '2026-06-29 17:13:00'),
(120, 1, 'stock_import', 'Nhập kho phiếu PN20260001', '2026-06-30 17:30:00'),
(121, 1, 'login', 'Đăng nhập vào hệ thống', '2026-07-05 23:05:55'),
(122, 1, 'logout', 'Đăng xuất khỏi hệ thống', '2026-07-05 23:10:57'),
(123, 1, 'login', 'Đăng nhập vào hệ thống', '2026-07-05 23:11:31'),
(124, 1, 'invoice_create', 'Tạo hóa đơn HD2026070519073167 trị giá 144.000 đ', '2026-07-06 00:07:31'),
(125, 1, 'logout', 'Đăng xuất khỏi hệ thống', '2026-07-06 00:29:07'),
(126, 1, 'login', 'Đăng nhập vào hệ thống', '2026-07-06 00:30:05'),
(127, 1, 'login', 'Đăng nhập vào hệ thống', '2026-07-06 06:49:10'),
(128, 1, 'product_update', 'Cập nhật sản phẩm SP100 - Balo dây rút', '2026-07-06 06:59:02'),
(129, 1, 'product_update', 'Cập nhật sản phẩm SP099 - Máy tính bỏ túi nhỏ', '2026-07-06 11:44:56'),
(130, 1, 'product_update', 'Cập nhật sản phẩm SP098 - Kéo văn phòng', '2026-07-06 11:45:35'),
(131, 1, 'product_update', 'Cập nhật sản phẩm SP097 - Giấy note', '2026-07-06 11:46:17'),
(132, 1, 'product_update', 'Cập nhật sản phẩm SP096 - Bút highlight', '2026-07-06 11:47:25'),
(133, 1, 'product_update', 'Cập nhật sản phẩm SP095 - Băng keo trong', '2026-07-06 11:48:27'),
(134, 1, 'product_update', 'Cập nhật sản phẩm SP094 - Ổ cắm điện 3 lỗ', '2026-07-06 11:52:25'),
(135, 1, 'product_update', 'Cập nhật sản phẩm SP093 - Bóng đèn LED 9W', '2026-07-06 11:53:06'),
(136, 1, 'product_update', 'Cập nhật sản phẩm SP093 - Bóng đèn LED 9W', '2026-07-06 11:53:30'),
(137, 1, 'product_update', 'Cập nhật sản phẩm SP093 - Bóng đèn LED 9W', '2026-07-06 11:56:54'),
(138, 1, 'product_update', 'Cập nhật sản phẩm SP084 - Bánh flan hộp', '2026-07-06 11:57:31'),
(139, 1, 'logout', 'Đăng xuất khỏi hệ thống', '2026-07-06 12:04:53'),
(140, 1, 'login', 'Đăng nhập vào hệ thống', '2026-07-06 12:05:40'),
(141, 1, 'logout', 'Đăng xuất khỏi hệ thống', '2026-07-06 12:51:17'),
(142, 1, 'login', 'Đăng nhập vào hệ thống', '2026-07-06 12:51:59'),
(143, 1, 'logout', 'Đăng xuất khỏi hệ thống', '2026-07-06 13:10:31'),
(144, 1, 'login', 'Đăng nhập vào hệ thống', '2026-07-06 13:21:43');

-- --------------------------------------------------------

--
-- Cấu trúc bảng cho bảng `phieunhap`
--

CREATE TABLE `phieunhap` (
  `maPN` int(11) NOT NULL,
  `soPhieuNhap` varchar(50) NOT NULL,
  `maTK` int(11) NOT NULL,
  `nhaCungCap` varchar(150) NOT NULL DEFAULT 'Không ghi rõ',
  `ghiChu` text DEFAULT NULL,
  `tongTienNhap` decimal(15,2) NOT NULL DEFAULT 0.00,
  `ngayNhap` datetime NOT NULL DEFAULT current_timestamp()
) ENGINE=InnoDB DEFAULT CHARSET=utf8mb4 COLLATE=utf8mb4_unicode_ci;

--
-- Đang đổ dữ liệu cho bảng `phieunhap`
--

INSERT INTO `phieunhap` (`maPN`, `soPhieuNhap`, `maTK`, `nhaCungCap`, `ghiChu`, `tongTienNhap`, `ngayNhap`) VALUES
(1, 'PN20260001', 3, 'Nhà phân phối An Khang', 'Nhập bổ sung lô hàng số 1', 3659500.00, '2026-02-05 09:30:00'),
(2, 'PN20260002', 3, 'Công ty Thực phẩm Sạch Việt', 'Nhập bổ sung lô hàng số 2', 1917500.00, '2026-02-09 10:30:00'),
(3, 'PN20260003', 6, 'Đại lý Gia Dụng Thành Công', 'Nhập bổ sung lô hàng số 3', 3920500.00, '2026-02-13 11:30:00'),
(4, 'PN20260004', 3, 'Kho tổng hợp Bình Minh', 'Nhập bổ sung lô hàng số 4', 8775000.00, '2026-02-17 12:30:00'),
(5, 'PN20260005', 3, 'Công ty Bánh Kẹo Hương Việt', 'Nhập bổ sung lô hàng số 5', 4219500.00, '2026-02-21 08:30:00'),
(6, 'PN20260006', 6, 'Nhà cung cấp Văn Phòng Xanh', 'Nhập bổ sung lô hàng số 6', 6364500.00, '2026-02-25 09:30:00'),
(7, 'PN20260007', 3, 'Công ty Sữa Việt Nam', 'Nhập bổ sung lô hàng số 7', 5772000.00, '2026-03-01 10:30:00'),
(8, 'PN20260008', 3, 'Đại lý Đông Lạnh Nam Phương', 'Nhập bổ sung lô hàng số 8', 3040500.00, '2026-03-05 11:30:00'),
(9, 'PN20260009', 6, 'Công ty Hóa Mỹ Phẩm An Tâm', 'Nhập bổ sung lô hàng số 9', 4568000.00, '2026-03-09 12:30:00'),
(10, 'PN20260010', 3, 'Công ty TNHH Minh Phát', 'Nhập bổ sung lô hàng số 10', 2403000.00, '2026-03-13 08:30:00'),
(11, 'PN20260011', 3, 'Nhà phân phối An Khang', 'Nhập bổ sung lô hàng số 11', 4322000.00, '2026-03-17 09:30:00'),
(12, 'PN20260012', 6, 'Công ty Thực phẩm Sạch Việt', 'Nhập bổ sung lô hàng số 12', 8073500.00, '2026-03-21 10:30:00'),
(13, 'PN20260013', 3, 'Đại lý Gia Dụng Thành Công', 'Nhập bổ sung lô hàng số 13', 8612000.00, '2026-03-25 11:30:00'),
(14, 'PN20260014', 3, 'Kho tổng hợp Bình Minh', 'Nhập bổ sung lô hàng số 14', 7672000.00, '2026-03-29 12:30:00'),
(15, 'PN20260015', 6, 'Công ty Bánh Kẹo Hương Việt', 'Nhập bổ sung lô hàng số 15', 7518000.00, '2026-04-02 08:30:00'),
(16, 'PN20260016', 3, 'Nhà cung cấp Văn Phòng Xanh', 'Nhập bổ sung lô hàng số 16', 6129000.00, '2026-04-06 09:30:00'),
(17, 'PN20260017', 3, 'Công ty Sữa Việt Nam', 'Nhập bổ sung lô hàng số 17', 2900500.00, '2026-04-10 10:30:00'),
(18, 'PN20260018', 6, 'Đại lý Đông Lạnh Nam Phương', 'Nhập bổ sung lô hàng số 18', 13465000.00, '2026-04-14 11:30:00'),
(19, 'PN20260019', 3, 'Công ty Hóa Mỹ Phẩm An Tâm', 'Nhập bổ sung lô hàng số 19', 8189000.00, '2026-04-18 12:30:00'),
(20, 'PN20260020', 3, 'Công ty TNHH Minh Phát', 'Nhập bổ sung lô hàng số 20', 3859000.00, '2026-04-22 08:30:00'),
(21, 'PN20260021', 6, 'Nhà phân phối An Khang', 'Nhập bổ sung lô hàng số 21', 11428500.00, '2026-04-26 09:30:00'),
(22, 'PN20260022', 3, 'Công ty Thực phẩm Sạch Việt', 'Nhập bổ sung lô hàng số 22', 3653500.00, '2026-04-30 10:30:00'),
(23, 'PN20260023', 3, 'Đại lý Gia Dụng Thành Công', 'Nhập bổ sung lô hàng số 23', 11613000.00, '2026-05-04 11:30:00'),
(24, 'PN20260024', 6, 'Kho tổng hợp Bình Minh', 'Nhập bổ sung lô hàng số 24', 7825500.00, '2026-05-08 12:30:00'),
(25, 'PN20260025', 3, 'Công ty Bánh Kẹo Hương Việt', 'Nhập bổ sung lô hàng số 25', 6480000.00, '2026-05-12 08:30:00'),
(26, 'PN20260026', 3, 'Nhà cung cấp Văn Phòng Xanh', 'Nhập bổ sung lô hàng số 26', 4515000.00, '2026-05-16 09:30:00'),
(27, 'PN20260027', 6, 'Công ty Sữa Việt Nam', 'Nhập bổ sung lô hàng số 27', 8540000.00, '2026-05-20 10:30:00'),
(28, 'PN20260028', 3, 'Đại lý Đông Lạnh Nam Phương', 'Nhập bổ sung lô hàng số 28', 7659000.00, '2026-05-24 11:30:00'),
(29, 'PN20260029', 3, 'Công ty Hóa Mỹ Phẩm An Tâm', 'Nhập bổ sung lô hàng số 29', 10890500.00, '2026-05-28 12:30:00'),
(30, 'PN20260030', 6, 'Công ty TNHH Minh Phát', 'Nhập bổ sung lô hàng số 30', 10931000.00, '2026-06-01 08:30:00');

-- --------------------------------------------------------

--
-- Cấu trúc đóng vai cho view `products`
-- (See below for the actual view)
--
CREATE TABLE `products` (
`id` int(11)
,`code` varchar(30)
,`name` varchar(150)
,`category` varchar(100)
,`price` decimal(15,2)
,`stock` int(11)
,`min_stock` int(11)
,`unit` varchar(30)
,`image` varchar(255)
,`status` tinyint(1)
,`created_at` datetime
,`updated_at` datetime
);

-- --------------------------------------------------------

--
-- Cấu trúc bảng cho bảng `quanly`
--

CREATE TABLE `quanly` (
  `maTK` int(11) NOT NULL,
  `ghiChu` varchar(255) DEFAULT NULL
) ENGINE=InnoDB DEFAULT CHARSET=utf8mb4 COLLATE=utf8mb4_unicode_ci;

--
-- Đang đổ dữ liệu cho bảng `quanly`
--

INSERT INTO `quanly` (`maTK`, `ghiChu`) VALUES
(1, 'Tài khoản quản lý hệ thống'),
(7, 'Tài khoản quản lý ca chiều');

-- --------------------------------------------------------

--
-- Cấu trúc bảng cho bảng `sanpham`
--

CREATE TABLE `sanpham` (
  `maSP` int(11) NOT NULL,
  `maSanPham` varchar(30) NOT NULL,
  `tenSP` varchar(150) NOT NULL,
  `danhMuc` varchar(100) NOT NULL,
  `donGia` decimal(15,2) NOT NULL DEFAULT 0.00,
  `soLuongTon` int(11) NOT NULL DEFAULT 0,
  `mucCanhBao` int(11) NOT NULL DEFAULT 5,
  `donViTinh` varchar(30) NOT NULL DEFAULT 'Cái',
  `hinhAnh` varchar(255) DEFAULT NULL,
  `trangThai` tinyint(1) NOT NULL DEFAULT 1,
  `ngayTao` datetime NOT NULL DEFAULT current_timestamp(),
  `ngayCapNhat` datetime DEFAULT NULL
) ENGINE=InnoDB DEFAULT CHARSET=utf8mb4 COLLATE=utf8mb4_unicode_ci;

--
-- Đang đổ dữ liệu cho bảng `sanpham`
--

INSERT INTO `sanpham` (`maSP`, `maSanPham`, `tenSP`, `danhMuc`, `donGia`, `soLuongTon`, `mucCanhBao`, `donViTinh`, `hinhAnh`, `trangThai`, `ngayTao`, `ngayCapNhat`) VALUES
(1, 'SP001', 'Nước suối 500ml', 'Đồ uống', 5000.00, 180, 30, 'Chai', NULL, 1, '2026-01-01 08:03:00', '2026-02-03 08:03:00'),
(2, 'SP002', 'Nước suối 1.5L', 'Đồ uống', 9000.00, 120, 25, 'Chai', NULL, 1, '2026-01-01 08:06:00', '2026-03-17 15:06:00'),
(3, 'SP003', 'Trà xanh chai 455ml', 'Đồ uống', 10000.00, 95, 20, 'Chai', NULL, 1, '2026-01-01 08:09:00', '2026-03-04 12:09:00'),
(4, 'SP004', 'Trà ô long chai 455ml', 'Đồ uống', 11000.00, 3, 20, 'Chai', NULL, 1, '2026-01-01 08:12:00', '2026-02-02 01:12:00'),
(5, 'SP005', 'Cà phê lon', 'Đồ uống', 13000.00, 70, 15, 'Lon', NULL, 1, '2026-01-01 08:15:00', '2026-01-29 02:15:00'),
(6, 'SP006', 'Nước ngọt cola lon', 'Đồ uống', 10000.00, 110, 25, 'Lon', NULL, 1, '2026-01-01 08:18:00', '2026-04-24 09:18:00'),
(7, 'SP007', 'Nước cam ép hộp', 'Đồ uống', 12000.00, 75, 15, 'Hộp', NULL, 1, '2026-01-01 08:21:00', '2026-01-13 10:21:00'),
(8, 'SP008', 'Sữa tươi có đường', 'Sữa & dinh dưỡng', 9000.00, 105, 20, 'Hộp', NULL, 1, '2026-01-01 08:24:00', '2026-03-02 15:24:00'),
(9, 'SP009', 'Sữa tươi không đường', 'Sữa & dinh dưỡng', 9000.00, 95, 20, 'Hộp', NULL, 1, '2026-01-01 08:27:00', '2026-05-16 03:27:00'),
(10, 'SP010', 'Sữa chua uống', 'Sữa & dinh dưỡng', 8000.00, 85, 20, 'Chai', NULL, 1, '2026-01-01 08:30:00', '2026-01-13 01:30:00'),
(11, 'SP011', 'Mì ly hải sản', 'Thực phẩm', 12000.00, 100, 25, 'Ly', NULL, 1, '2026-01-01 08:33:00', '2026-02-26 04:33:00'),
(12, 'SP012', 'Mì ly bò cay', 'Thực phẩm', 12500.00, 95, 25, 'Ly', NULL, 1, '2026-01-01 08:36:00', '2026-05-25 21:36:00'),
(13, 'SP013', 'Mì gói tôm chua cay', 'Thực phẩm', 4500.00, 220, 40, 'Gói', NULL, 1, '2026-01-01 08:39:00', '2026-03-03 22:39:00'),
(14, 'SP014', 'Mì gói bò rau thơm', 'Thực phẩm', 5000.00, 210, 40, 'Gói', NULL, 1, '2026-01-01 08:42:00', '2026-03-18 08:42:00'),
(15, 'SP015', 'Cháo ăn liền thịt bằm', 'Thực phẩm', 9000.00, 90, 20, 'Gói', NULL, 1, '2026-01-01 08:45:00', '2026-02-15 21:45:00'),
(16, 'SP016', 'Phở ăn liền bò', 'Thực phẩm', 10000.00, 82, 20, 'Gói', NULL, 1, '2026-01-01 08:48:00', '2026-04-03 16:48:00'),
(17, 'SP017', 'Bún ăn liền riêu cua', 'Thực phẩm', 9500.00, 76, 18, 'Gói', NULL, 1, '2026-01-01 08:51:00', '2026-02-14 14:51:00'),
(18, 'SP018', 'Xúc xích tiệt trùng', 'Thực phẩm', 7000.00, 130, 30, 'Cây', NULL, 1, '2026-01-01 08:54:00', '2026-04-02 11:54:00'),
(19, 'SP019', 'Cơm cháy chà bông', 'Thực phẩm', 18000.00, 60, 15, 'Gói', NULL, 1, '2026-01-01 08:57:00', '2026-01-29 20:57:00'),
(20, 'SP020', 'Bánh mì sandwich', 'Thực phẩm', 25000.00, 35, 10, 'Gói', NULL, 1, '2026-01-01 09:00:00', '2026-01-30 20:00:00'),
(21, 'SP021', 'Bánh quy bơ', 'Bánh kẹo', 25000.00, 65, 15, 'Hộp', NULL, 1, '2026-01-01 09:03:00', '2026-04-05 04:03:00'),
(22, 'SP022', 'Bánh quy socola', 'Bánh kẹo', 27000.00, 58, 15, 'Hộp', NULL, 1, '2026-01-01 09:06:00', '2026-03-14 10:06:00'),
(23, 'SP023', 'Snack khoai tây vị muối', 'Bánh kẹo', 15000.00, 3, 20, 'Gói', NULL, 1, '2026-01-01 09:09:00', '2026-05-04 02:09:00'),
(24, 'SP024', 'Snack khoai tây vị BBQ', 'Bánh kẹo', 16000.00, 84, 20, 'Gói', NULL, 1, '2026-01-01 09:12:00', '2026-02-06 21:12:00'),
(25, 'SP025', 'Kẹo bạc hà', 'Bánh kẹo', 12000.00, 70, 15, 'Gói', NULL, 1, '2026-01-01 09:15:00', '2026-01-27 02:15:00'),
(26, 'SP026', 'Kẹo dẻo trái cây', 'Bánh kẹo', 18000.00, 60, 15, 'Gói', NULL, 1, '2026-01-01 09:18:00', '2026-03-23 05:18:00'),
(27, 'SP027', 'Socola thanh nhỏ', 'Bánh kẹo', 22000.00, 55, 15, 'Thanh', NULL, 1, '2026-01-01 09:21:00', '2026-04-09 03:21:00'),
(28, 'SP028', 'Bánh gạo vị mặn', 'Bánh kẹo', 17000.00, 72, 18, 'Gói', NULL, 1, '2026-01-01 09:24:00', '2026-02-24 11:24:00'),
(29, 'SP029', 'Bánh trứng hộp nhỏ', 'Bánh kẹo', 32000.00, 43, 12, 'Hộp', NULL, 1, '2026-01-01 09:27:00', '2026-07-06 00:07:31'),
(30, 'SP030', 'Bánh que phủ socola', 'Bánh kẹo', 14000.00, 80, 18, 'Hộp', NULL, 1, '2026-01-01 09:30:00', '2026-03-21 11:30:00'),
(31, 'SP031', 'Khăn giấy bỏ túi', 'Gia dụng', 7000.00, 150, 30, 'Gói', NULL, 1, '2026-01-01 09:33:00', '2026-03-06 12:33:00'),
(32, 'SP032', 'Khăn giấy hộp', 'Gia dụng', 22000.00, 65, 15, 'Hộp', NULL, 1, '2026-01-01 09:36:00', '2026-04-13 17:36:00'),
(33, 'SP033', 'Giấy vệ sinh 10 cuộn', 'Gia dụng', 58000.00, 6, 10, 'Lốc', NULL, 1, '2026-01-01 09:39:00', '2026-05-03 05:39:00'),
(34, 'SP034', 'Nước rửa chén 750ml', 'Gia dụng', 28000.00, 42, 10, 'Chai', NULL, 1, '2026-01-01 09:42:00', '2026-04-09 14:42:00'),
(35, 'SP035', 'Nước lau sàn 1L', 'Gia dụng', 36000.00, 36, 8, 'Chai', NULL, 1, '2026-01-01 09:45:00', '2026-04-10 20:45:00'),
(36, 'SP036', 'Túi rác cuộn nhỏ', 'Gia dụng', 18000.00, 55, 12, 'Cuộn', NULL, 1, '2026-01-01 09:48:00', '2026-02-28 17:48:00'),
(37, 'SP037', 'Túi zipper thực phẩm', 'Gia dụng', 25000.00, 45, 10, 'Hộp', NULL, 1, '2026-01-01 09:51:00', '2026-01-25 04:51:00'),
(38, 'SP038', 'Miếng rửa chén', 'Gia dụng', 8000.00, 95, 20, 'Miếng', NULL, 1, '2026-01-01 09:54:00', '2026-02-19 02:54:00'),
(39, 'SP039', 'Bột giặt 800g', 'Gia dụng', 52000.00, 12, 10, 'Gói', NULL, 1, '2026-01-01 09:57:00', '2026-03-09 14:57:00'),
(40, 'SP040', 'Nước xả vải 800ml', 'Gia dụng', 45000.00, 35, 10, 'Túi', NULL, 1, '2026-01-01 10:00:00', '2026-05-04 22:00:00'),
(41, 'SP041', 'Dầu gội 180ml', 'Chăm sóc cá nhân', 38000.00, 45, 10, 'Chai', NULL, 1, '2026-01-01 10:03:00', '2026-03-17 06:03:00'),
(42, 'SP042', 'Sữa tắm 200ml', 'Chăm sóc cá nhân', 42000.00, 40, 10, 'Chai', NULL, 1, '2026-01-01 10:06:00', '2026-05-28 17:06:00'),
(43, 'SP043', 'Kem đánh răng', 'Chăm sóc cá nhân', 28000.00, 65, 15, 'Tuýp', NULL, 1, '2026-01-01 10:09:00', '2026-03-30 11:09:00'),
(44, 'SP044', 'Bàn chải đánh răng', 'Chăm sóc cá nhân', 18000.00, 74, 15, 'Cái', NULL, 1, '2026-01-01 10:12:00', '2026-07-06 00:07:31'),
(45, 'SP045', 'Nước súc miệng 250ml', 'Chăm sóc cá nhân', 48000.00, 6, 8, 'Chai', NULL, 1, '2026-01-01 10:15:00', '2026-03-27 22:15:00'),
(46, 'SP046', 'Dao cạo râu', 'Chăm sóc cá nhân', 16000.00, 60, 15, 'Cái', NULL, 1, '2026-01-01 10:18:00', '2026-03-15 12:18:00'),
(47, 'SP047', 'Băng cá nhân hộp nhỏ', 'Chăm sóc cá nhân', 12000.00, 82, 18, 'Hộp', NULL, 1, '2026-01-01 10:21:00', '2026-03-02 04:21:00'),
(48, 'SP048', 'Khẩu trang y tế 10 cái', 'Chăm sóc cá nhân', 15000.00, 90, 25, 'Gói', NULL, 1, '2026-01-01 10:24:00', '2026-03-27 16:24:00'),
(49, 'SP049', 'Dung dịch rửa tay 100ml', 'Chăm sóc cá nhân', 25000.00, 55, 12, 'Chai', NULL, 1, '2026-01-01 10:27:00', '2026-05-13 22:27:00'),
(50, 'SP050', 'Lăn khử mùi', 'Chăm sóc cá nhân', 52000.00, 30, 8, 'Chai', NULL, 1, '2026-01-01 10:30:00', '2026-05-03 14:30:00'),
(51, 'SP051', 'Bút bi xanh', 'Văn phòng phẩm', 4000.00, 240, 50, 'Cây', NULL, 1, '2026-01-01 10:33:00', '2026-03-14 14:33:00'),
(52, 'SP052', 'Bút bi đen', 'Văn phòng phẩm', 4000.00, 230, 50, 'Cây', NULL, 1, '2026-01-01 10:36:00', '2026-03-11 03:36:00'),
(53, 'SP053', 'Bút chì 2B', 'Văn phòng phẩm', 3500.00, 190, 40, 'Cây', NULL, 1, '2026-01-01 10:39:00', '2026-05-23 18:39:00'),
(54, 'SP054', 'Tẩy chì', 'Văn phòng phẩm', 3000.00, 160, 35, 'Cục', NULL, 1, '2026-01-01 10:42:00', '2026-04-26 04:42:00'),
(55, 'SP055', 'Thước kẻ 20cm', 'Văn phòng phẩm', 5000.00, 120, 25, 'Cây', NULL, 1, '2026-01-01 10:45:00', '2026-04-18 21:45:00'),
(56, 'SP056', 'Sổ tay A5', 'Văn phòng phẩm', 18000.00, 80, 20, 'Quyển', NULL, 1, '2026-01-01 10:48:00', '2026-03-03 14:48:00'),
(57, 'SP057', 'Tập học sinh 96 trang', 'Văn phòng phẩm', 9000.00, 140, 30, 'Quyển', NULL, 1, '2026-01-01 10:51:00', '2026-05-17 01:51:00'),
(58, 'SP058', 'Keo dán giấy', 'Văn phòng phẩm', 7000.00, 95, 20, 'Chai', NULL, 1, '2026-01-01 10:54:00', '2026-01-29 11:54:00'),
(59, 'SP059', 'Bìa hồ sơ', 'Văn phòng phẩm', 6000.00, 115, 25, 'Cái', NULL, 1, '2026-01-01 10:57:00', '2026-02-03 14:57:00'),
(60, 'SP060', 'Kẹp giấy hộp nhỏ', 'Văn phòng phẩm', 12000.00, 65, 15, 'Hộp', NULL, 1, '2026-01-01 11:00:00', '2026-02-16 00:00:00'),
(61, 'SP061', 'Dầu ăn 1L', 'Gia vị', 52000.00, 50, 12, 'Chai', NULL, 1, '2026-01-01 11:03:00', '2026-01-22 23:03:00'),
(62, 'SP062', 'Nước mắm 500ml', 'Gia vị', 38000.00, 55, 12, 'Chai', NULL, 1, '2026-01-01 11:06:00', '2026-04-14 06:06:00'),
(63, 'SP063', 'Nước tương 500ml', 'Gia vị', 25000.00, 62, 15, 'Chai', NULL, 1, '2026-01-01 11:09:00', '2026-05-06 03:09:00'),
(64, 'SP064', 'Tương ớt 250g', 'Gia vị', 18000.00, 72, 15, 'Chai', NULL, 1, '2026-01-01 11:12:00', '2026-03-12 04:12:00'),
(65, 'SP065', 'Muối i-ốt 500g', 'Gia vị', 7000.00, 100, 25, 'Gói', NULL, 1, '2026-01-01 11:15:00', '2026-01-08 14:15:00'),
(66, 'SP066', 'Đường trắng 1kg', 'Gia vị', 26000.00, 85, 20, 'Gói', NULL, 1, '2026-01-01 11:18:00', '2026-05-23 19:18:00'),
(67, 'SP067', 'Hạt nêm 400g', 'Gia vị', 42000.00, 45, 10, 'Gói', NULL, 1, '2026-01-01 11:21:00', '2026-04-03 14:21:00'),
(68, 'SP068', 'Bột ngọt 400g', 'Gia vị', 36000.00, 48, 10, 'Gói', NULL, 1, '2026-01-01 11:24:00', '2026-03-23 00:24:00'),
(69, 'SP069', 'Tiêu xay 50g', 'Gia vị', 20000.00, 40, 10, 'Hũ', NULL, 1, '2026-01-01 11:27:00', '2026-02-16 01:27:00'),
(70, 'SP070', 'Sốt mayonnaise 130g', 'Gia vị', 28000.00, 12, 8, 'Chai', NULL, 1, '2026-01-01 11:30:00', '2026-01-06 19:30:00'),
(71, 'SP071', 'Kem que socola', 'Đông lạnh', 12000.00, 3, 15, 'Cây', NULL, 1, '2026-01-01 11:33:00', '2026-05-14 16:33:00'),
(72, 'SP072', 'Kem que đậu xanh', 'Đông lạnh', 10000.00, 60, 15, 'Cây', NULL, 1, '2026-01-01 11:36:00', '2026-05-15 14:36:00'),
(73, 'SP073', 'Há cảo đông lạnh', 'Đông lạnh', 55000.00, 28, 8, 'Gói', NULL, 1, '2026-01-01 11:39:00', '2026-03-24 07:39:00'),
(74, 'SP074', 'Cá viên đông lạnh', 'Đông lạnh', 48000.00, 32, 8, 'Gói', NULL, 1, '2026-01-01 11:42:00', '2026-05-16 06:42:00'),
(75, 'SP075', 'Bò viên đông lạnh', 'Đông lạnh', 52000.00, 30, 8, 'Gói', NULL, 1, '2026-01-01 11:45:00', '2026-02-25 15:45:00'),
(76, 'SP076', 'Khoai tây chiên đông lạnh', 'Đông lạnh', 46000.00, 36, 8, 'Gói', NULL, 1, '2026-01-01 11:48:00', '2026-04-11 16:48:00'),
(77, 'SP077', 'Sữa chua có đường', 'Sữa & dinh dưỡng', 6000.00, 120, 25, 'Hũ', NULL, 1, '2026-01-01 11:51:00', '2026-05-25 03:51:00'),
(78, 'SP078', 'Phô mai miếng', 'Sữa & dinh dưỡng', 36000.00, 42, 10, 'Hộp', NULL, 1, '2026-01-01 11:54:00', '2026-01-07 06:54:00'),
(79, 'SP079', 'Ngũ cốc dinh dưỡng', 'Sữa & dinh dưỡng', 45000.00, 38, 10, 'Hộp', NULL, 1, '2026-01-01 11:57:00', '2026-03-30 02:57:00'),
(80, 'SP080', 'Yến mạch ăn liền', 'Sữa & dinh dưỡng', 52000.00, 35, 10, 'Gói', NULL, 1, '2026-01-01 12:00:00', '2026-01-10 15:00:00'),
(81, 'SP081', 'Nước tăng lực lon', 'Đồ uống', 12000.00, 95, 20, 'Lon', NULL, 1, '2026-01-01 12:03:00', '2026-04-08 21:03:00'),
(82, 'SP082', 'Nước khoáng có gas', 'Đồ uống', 14000.00, 48, 12, 'Chai', NULL, 1, '2026-01-01 12:06:00', '2026-03-08 13:06:00'),
(83, 'SP083', 'Trà sữa đóng chai', 'Đồ uống', 18000.00, 52, 12, 'Chai', NULL, 1, '2026-01-01 12:09:00', '2026-03-09 06:09:00'),
(84, 'SP084', 'Bánh flan hộp', 'Thực phẩm', 16000.00, 37, 10, 'Hộp', 'uploads/products/product_20260706065731_c54b0dd8.png', 1, '2026-01-01 12:12:00', '2026-07-06 11:57:31'),
(85, 'SP085', 'Rong biển ăn liền', 'Bánh kẹo', 13000.00, 70, 15, 'Gói', NULL, 1, '2026-01-01 12:15:00', '2026-05-10 14:15:00'),
(86, 'SP086', 'Đậu phộng rang muối', 'Bánh kẹo', 19000.00, 64, 15, 'Gói', NULL, 1, '2026-01-01 12:18:00', '2026-05-22 16:18:00'),
(87, 'SP087', 'Bắp rang bơ', 'Bánh kẹo', 22000.00, 45, 10, 'Gói', NULL, 1, '2026-01-01 12:21:00', '2026-02-08 03:21:00'),
(88, 'SP088', 'Nước rửa tay khô 250ml', 'Chăm sóc cá nhân', 45000.00, 38, 8, 'Chai', NULL, 1, '2026-01-01 12:24:00', '2026-05-26 17:24:00'),
(89, 'SP089', 'Dầu xả tóc 180ml', 'Chăm sóc cá nhân', 39000.00, 36, 8, 'Chai', NULL, 1, '2026-01-01 12:27:00', '2026-03-15 04:27:00'),
(90, 'SP090', 'Kem chống nắng mini', 'Chăm sóc cá nhân', 69000.00, 28, 8, 'Tuýp', NULL, 1, '2026-01-01 12:30:00', '2026-04-24 18:30:00'),
(91, 'SP091', 'Pin tiểu AA 2 viên', 'Gia dụng', 24000.00, 70, 15, 'Vỉ', NULL, 1, '2026-01-01 12:33:00', '2026-05-24 18:33:00'),
(92, 'SP092', 'Pin tiểu AAA 2 viên', 'Gia dụng', 24000.00, 66, 15, 'Vỉ', NULL, 1, '2026-01-01 12:36:00', '2026-03-27 00:36:00'),
(93, 'SP093', 'Bóng đèn LED 9W', 'Gia dụng', 38000.00, 32, 8, 'Cái', 'uploads/products/product_20260706065654_5c441430.jpg', 1, '2026-01-01 12:39:00', '2026-07-06 11:56:54'),
(94, 'SP094', 'Ổ cắm điện 3 lỗ', 'Gia dụng', 65000.00, 6, 6, 'Cái', 'uploads/products/product_20260706065225_65d80c71.jpg', 1, '2026-01-01 12:42:00', '2026-07-06 11:52:25'),
(95, 'SP095', 'Băng keo trong', 'Văn phòng phẩm', 10000.00, 90, 20, 'Cuộn', 'uploads/products/product_20260706064827_4434c283.jpg', 1, '2026-01-01 12:45:00', '2026-07-06 11:48:27'),
(96, 'SP096', 'Bút highlight', 'Văn phòng phẩm', 12000.00, 72, 15, 'Cây', 'uploads/products/product_20260706064725_65229a06.jpg', 1, '2026-01-01 12:48:00', '2026-07-06 11:47:25'),
(97, 'SP097', 'Giấy note', 'Văn phòng phẩm', 15000.00, 80, 18, 'Xấp', 'uploads/products/product_20260706064617_15ebe21b.jpg', 1, '2026-01-01 12:51:00', '2026-07-06 11:46:17'),
(98, 'SP098', 'Kéo văn phòng', 'Văn phòng phẩm', 22000.00, 48, 10, 'Cái', 'uploads/products/product_20260706064535_10e5095f.jpg', 1, '2026-01-01 12:54:00', '2026-07-06 11:45:35'),
(99, 'SP099', 'Máy tính bỏ túi nhỏ', 'Văn phòng phẩm', 65000.00, 12, 6, 'Cái', 'uploads/products/product_20260706064456_6f4bb46c.jpg', 1, '2026-01-01 12:57:00', '2026-07-06 11:44:56'),
(100, 'SP100', 'Balo dây rút', 'Văn phòng phẩm', 39000.00, 28, 8, 'Cái', 'uploads/products/product_20260706015902_a980130b.jpg', 1, '2026-01-01 13:00:00', '2026-07-06 06:59:02');

-- --------------------------------------------------------

--
-- Cấu trúc đóng vai cho view `stock_imports`
-- (See below for the actual view)
--
CREATE TABLE `stock_imports` (
`id` int(11)
,`import_code` varchar(50)
,`user_id` int(11)
,`supplier` varchar(150)
,`note` text
,`total_amount` decimal(15,2)
,`created_at` datetime
);

-- --------------------------------------------------------

--
-- Cấu trúc đóng vai cho view `stock_import_details`
-- (See below for the actual view)
--
CREATE TABLE `stock_import_details` (
`id` int(11)
,`stock_import_id` int(11)
,`product_id` int(11)
,`product_code` varchar(30)
,`product_name` varchar(150)
,`quantity` int(11)
,`cost_price` decimal(15,2)
,`subtotal` decimal(15,2)
);

-- --------------------------------------------------------

--
-- Cấu trúc bảng cho bảng `thungan`
--

CREATE TABLE `thungan` (
  `maTK` int(11) NOT NULL,
  `ghiChu` varchar(255) DEFAULT NULL
) ENGINE=InnoDB DEFAULT CHARSET=utf8mb4 COLLATE=utf8mb4_unicode_ci;

--
-- Đang đổ dữ liệu cho bảng `thungan`
--

INSERT INTO `thungan` (`maTK`, `ghiChu`) VALUES
(2, 'Tài khoản thu ngân bán hàng'),
(4, 'Thu ngân ca sáng'),
(5, 'Thu ngân ca tối');

-- --------------------------------------------------------

--
-- Cấu trúc đóng vai cho view `users`
-- (See below for the actual view)
--
CREATE TABLE `users` (
`id` int(11)
,`username` varchar(50)
,`password` varchar(255)
,`full_name` varchar(120)
,`role` enum('admin','cashier','warehouse')
,`status` tinyint(1)
,`created_at` datetime
);

-- --------------------------------------------------------

--
-- Cấu trúc bảng cho bảng `voucher`
--

CREATE TABLE `voucher` (
  `maVoucher` int(11) NOT NULL,
  `maKH` int(11) NOT NULL,
  `maGiamGia` varchar(50) NOT NULL,
  `tenVoucher` varchar(150) NOT NULL,
  `loaiGiamGia` enum('fixed','percent') NOT NULL DEFAULT 'fixed',
  `giaTriGiam` decimal(15,2) NOT NULL DEFAULT 0.00,
  `donToiThieu` decimal(15,2) NOT NULL DEFAULT 0.00,
  `hanSuDung` datetime NOT NULL,
  `trangThai` enum('available','used','expired','cancelled') NOT NULL DEFAULT 'available',
  `maHDNguon` int(11) DEFAULT NULL,
  `maHDDaDung` int(11) DEFAULT NULL,
  `diemQuyDoi` int(11) NOT NULL DEFAULT 0,
  `ngaySuDung` datetime DEFAULT NULL,
  `ngayTao` datetime NOT NULL DEFAULT current_timestamp()
) ENGINE=InnoDB DEFAULT CHARSET=utf8mb4 COLLATE=utf8mb4_unicode_ci;

--
-- Đang đổ dữ liệu cho bảng `voucher`
--

INSERT INTO `voucher` (`maVoucher`, `maKH`, `maGiamGia`, `tenVoucher`, `loaiGiamGia`, `giaTriGiam`, `donToiThieu`, `hanSuDung`, `trangThai`, `maHDNguon`, `maHDDaDung`, `diemQuyDoi`, `ngaySuDung`, `ngayTao`) VALUES
(1, 8, 'TV2026001', 'Voucher giảm 15.000đ cho đơn tiếp theo', 'fixed', 15000.00, 100000.00, '2026-08-02 00:00:00', 'available', 1, NULL, 50, NULL, '2026-03-02 00:00:00'),
(2, 15, 'TV2026002', 'Voucher giảm 20.000đ cho đơn tiếp theo', 'fixed', 20000.00, 120000.00, '2026-08-03 00:00:00', 'available', NULL, NULL, 100, NULL, '2026-03-03 00:00:00'),
(3, 22, 'TV2026003', 'Voucher giảm 30.000đ cho đơn tiếp theo', 'fixed', 30000.00, 150000.00, '2026-08-04 00:00:00', 'available', NULL, NULL, 100, NULL, '2026-03-04 00:00:00'),
(4, 29, 'TV2026004', 'Voucher giảm 10.000đ cho đơn tiếp theo', 'fixed', 10000.00, 80000.00, '2026-08-05 00:00:00', 'available', 40, NULL, 50, NULL, '2026-03-05 00:00:00'),
(5, 36, 'TV2026005', 'Voucher giảm 5% cho khách thành viên', 'percent', 5.00, 120000.00, '2026-08-06 00:00:00', 'available', NULL, NULL, 50, NULL, '2026-03-06 00:00:00'),
(6, 43, 'TV2026006', 'Voucher giảm 20.000đ cho đơn tiếp theo', 'fixed', 20000.00, 120000.00, '2026-08-07 00:00:00', 'used', NULL, 22, 100, '2026-03-23 09:01:00', '2026-03-07 00:00:00'),
(7, 50, 'TV2026007', 'Voucher giảm 30.000đ cho đơn tiếp theo', 'fixed', 30000.00, 150000.00, '2026-08-08 00:00:00', 'available', 79, NULL, 100, NULL, '2026-03-08 00:00:00'),
(8, 57, 'TV2026008', 'Voucher giảm 10.000đ cho đơn tiếp theo', 'fixed', 10000.00, 80000.00, '2026-08-09 00:00:00', 'available', NULL, NULL, 50, NULL, '2026-03-09 00:00:00'),
(9, 64, 'TV2026009', 'Voucher giảm 15.000đ cho đơn tiếp theo', 'fixed', 15000.00, 100000.00, '2026-03-10 00:00:00', 'expired', NULL, NULL, 50, NULL, '2026-03-10 00:00:00'),
(10, 1, 'TV2026010', 'Voucher giảm 10% cho khách thành viên', 'percent', 10.00, 180000.00, '2026-08-11 00:00:00', 'available', 118, NULL, 50, NULL, '2026-03-11 00:00:00'),
(11, 8, 'TV2026011', 'Voucher giảm 30.000đ cho đơn tiếp theo', 'fixed', 30000.00, 150000.00, '2026-08-12 00:00:00', 'available', NULL, NULL, 100, NULL, '2026-03-12 00:00:00'),
(12, 15, 'TV2026012', 'Voucher giảm 10.000đ cho đơn tiếp theo', 'fixed', 10000.00, 80000.00, '2026-08-13 00:00:00', 'used', NULL, 44, 50, '2026-04-14 08:47:00', '2026-03-13 00:00:00'),
(13, 22, 'TV2026013', 'Voucher giảm 15.000đ cho đơn tiếp theo', 'fixed', 15000.00, 100000.00, '2026-08-14 00:00:00', 'available', 157, NULL, 50, NULL, '2026-03-14 00:00:00'),
(14, 29, 'TV2026014', 'Voucher giảm 20.000đ cho đơn tiếp theo', 'fixed', 20000.00, 120000.00, '2026-08-15 00:00:00', 'available', NULL, NULL, 100, NULL, '2026-03-15 00:00:00'),
(15, 36, 'TV2026015', 'Voucher giảm 5% cho khách thành viên', 'percent', 5.00, 120000.00, '2026-08-16 00:00:00', 'cancelled', NULL, NULL, 50, NULL, '2026-03-16 00:00:00'),
(16, 43, 'TV2026016', 'Voucher giảm 10.000đ cho đơn tiếp theo', 'fixed', 10000.00, 80000.00, '2026-08-17 00:00:00', 'available', 16, NULL, 50, NULL, '2026-03-17 00:00:00'),
(17, 50, 'TV2026017', 'Voucher giảm 15.000đ cho đơn tiếp theo', 'fixed', 15000.00, 100000.00, '2026-08-18 00:00:00', 'available', NULL, NULL, 50, NULL, '2026-03-18 00:00:00'),
(18, 57, 'TV2026018', 'Voucher giảm 20.000đ cho đơn tiếp theo', 'fixed', 20000.00, 120000.00, '2026-08-19 00:00:00', 'used', NULL, 66, 100, '2026-05-06 08:33:00', '2026-03-19 00:00:00'),
(19, 64, 'TV2026019', 'Voucher giảm 30.000đ cho đơn tiếp theo', 'fixed', 30000.00, 150000.00, '2026-08-20 00:00:00', 'available', 55, NULL, 100, NULL, '2026-03-20 00:00:00'),
(20, 1, 'TV2026020', 'Voucher giảm 10% cho khách thành viên', 'percent', 10.00, 180000.00, '2026-08-21 00:00:00', 'available', NULL, NULL, 50, NULL, '2026-03-21 00:00:00'),
(21, 8, 'TV2026021', 'Voucher giảm 15.000đ cho đơn tiếp theo', 'fixed', 15000.00, 100000.00, '2026-08-22 00:00:00', 'available', NULL, NULL, 50, NULL, '2026-03-22 00:00:00'),
(22, 15, 'TV2026022', 'Voucher giảm 20.000đ cho đơn tiếp theo', 'fixed', 20000.00, 120000.00, '2026-08-23 00:00:00', 'available', 94, NULL, 100, NULL, '2026-03-23 00:00:00'),
(23, 22, 'TV2026023', 'Voucher giảm 30.000đ cho đơn tiếp theo', 'fixed', 30000.00, 150000.00, '2026-08-24 00:00:00', 'available', NULL, NULL, 100, NULL, '2026-03-24 00:00:00'),
(24, 29, 'TV2026024', 'Voucher giảm 10.000đ cho đơn tiếp theo', 'fixed', 10000.00, 80000.00, '2026-08-25 00:00:00', 'used', NULL, 88, 50, '2026-05-28 08:19:00', '2026-03-25 00:00:00'),
(25, 36, 'TV2026025', 'Voucher giảm 5% cho khách thành viên', 'percent', 5.00, 120000.00, '2026-08-26 00:00:00', 'available', 133, NULL, 50, NULL, '2026-03-26 00:00:00'),
(26, 43, 'TV2026026', 'Voucher giảm 20.000đ cho đơn tiếp theo', 'fixed', 20000.00, 120000.00, '2026-08-27 00:00:00', 'available', NULL, NULL, 100, NULL, '2026-03-27 00:00:00'),
(27, 50, 'TV2026027', 'Voucher giảm 30.000đ cho đơn tiếp theo', 'fixed', 30000.00, 150000.00, '2026-03-28 00:00:00', 'expired', NULL, NULL, 100, NULL, '2026-03-28 00:00:00'),
(28, 57, 'TV2026028', 'Voucher giảm 10.000đ cho đơn tiếp theo', 'fixed', 10000.00, 80000.00, '2026-08-29 00:00:00', 'available', 172, NULL, 50, NULL, '2026-03-29 00:00:00'),
(29, 64, 'TV2026029', 'Voucher giảm 15.000đ cho đơn tiếp theo', 'fixed', 15000.00, 100000.00, '2026-08-30 00:00:00', 'available', NULL, NULL, 50, NULL, '2026-03-30 00:00:00'),
(30, 1, 'TV2026030', 'Voucher giảm 10% cho khách thành viên', 'percent', 10.00, 180000.00, '2026-08-31 00:00:00', 'used', NULL, 110, 50, '2026-06-19 09:05:00', '2026-03-31 00:00:00'),
(31, 8, 'TV2026031', 'Voucher giảm 30.000đ cho đơn tiếp theo', 'fixed', 30000.00, 150000.00, '2026-09-01 00:00:00', 'available', 31, NULL, 100, NULL, '2026-04-01 00:00:00'),
(32, 15, 'TV2026032', 'Voucher giảm 10.000đ cho đơn tiếp theo', 'fixed', 10000.00, 80000.00, '2026-09-02 00:00:00', 'available', NULL, NULL, 50, NULL, '2026-04-02 00:00:00'),
(33, 22, 'TV2026033', 'Voucher giảm 15.000đ cho đơn tiếp theo', 'fixed', 15000.00, 100000.00, '2026-09-03 00:00:00', 'available', NULL, NULL, 50, NULL, '2026-04-03 00:00:00'),
(34, 29, 'TV2026034', 'Voucher giảm 20.000đ cho đơn tiếp theo', 'fixed', 20000.00, 120000.00, '2026-09-04 00:00:00', 'available', 70, NULL, 100, NULL, '2026-04-04 00:00:00'),
(35, 36, 'TV2026035', 'Voucher giảm 5% cho khách thành viên', 'percent', 5.00, 120000.00, '2026-09-05 00:00:00', 'cancelled', NULL, NULL, 50, NULL, '2026-04-05 00:00:00'),
(36, 43, 'TV2026036', 'Voucher giảm 10.000đ cho đơn tiếp theo', 'fixed', 10000.00, 80000.00, '2026-09-06 00:00:00', 'used', NULL, 154, 50, '2026-04-04 08:37:00', '2026-04-06 00:00:00'),
(37, 50, 'TV2026037', 'Voucher giảm 15.000đ cho đơn tiếp theo', 'fixed', 15000.00, 100000.00, '2026-09-07 00:00:00', 'available', 109, NULL, 50, NULL, '2026-04-07 00:00:00'),
(38, 57, 'TV2026038', 'Voucher giảm 20.000đ cho đơn tiếp theo', 'fixed', 20000.00, 120000.00, '2026-09-08 00:00:00', 'available', NULL, NULL, 100, NULL, '2026-04-08 00:00:00'),
(39, 64, 'TV2026039', 'Voucher giảm 30.000đ cho đơn tiếp theo', 'fixed', 30000.00, 150000.00, '2026-09-09 00:00:00', 'available', NULL, NULL, 100, NULL, '2026-04-09 00:00:00'),
(40, 1, 'TV2026040', 'Voucher giảm 10% cho khách thành viên', 'percent', 10.00, 180000.00, '2026-09-10 00:00:00', 'available', 148, NULL, 50, NULL, '2026-04-10 00:00:00'),
(41, 8, 'TV2026041', 'Voucher giảm 15.000đ cho đơn tiếp theo', 'fixed', 15000.00, 100000.00, '2026-09-11 00:00:00', 'available', NULL, NULL, 50, NULL, '2026-04-11 00:00:00'),
(42, 15, 'TV2026042', 'Voucher giảm 20.000đ cho đơn tiếp theo', 'fixed', 20000.00, 120000.00, '2026-09-12 00:00:00', 'used', NULL, 176, 100, '2026-04-26 08:23:00', '2026-04-12 00:00:00'),
(43, 22, 'TV2026043', 'Voucher giảm 30.000đ cho đơn tiếp theo', 'fixed', 30000.00, 150000.00, '2026-09-13 00:00:00', 'available', 7, NULL, 100, NULL, '2026-04-13 00:00:00'),
(44, 29, 'TV2026044', 'Voucher giảm 10.000đ cho đơn tiếp theo', 'fixed', 10000.00, 80000.00, '2026-09-14 00:00:00', 'available', NULL, NULL, 50, NULL, '2026-04-14 00:00:00'),
(45, 36, 'TV2026045', 'Voucher giảm 5% cho khách thành viên', 'percent', 5.00, 120000.00, '2026-04-15 00:00:00', 'expired', NULL, NULL, 50, NULL, '2026-04-15 00:00:00'),
(46, 43, 'TV2026046', 'Voucher giảm 20.000đ cho đơn tiếp theo', 'fixed', 20000.00, 120000.00, '2026-09-16 00:00:00', 'available', 46, NULL, 100, NULL, '2026-04-16 00:00:00'),
(47, 50, 'TV2026047', 'Voucher giảm 30.000đ cho đơn tiếp theo', 'fixed', 30000.00, 150000.00, '2026-09-17 00:00:00', 'available', NULL, NULL, 100, NULL, '2026-04-17 00:00:00'),
(48, 57, 'TV2026048', 'Voucher giảm 10.000đ cho đơn tiếp theo', 'fixed', 10000.00, 80000.00, '2026-09-18 00:00:00', 'used', NULL, NULL, 50, NULL, '2026-04-18 00:00:00'),
(49, 64, 'TV2026049', 'Voucher giảm 15.000đ cho đơn tiếp theo', 'fixed', 15000.00, 100000.00, '2026-09-19 00:00:00', 'available', 85, NULL, 50, NULL, '2026-04-19 00:00:00'),
(50, 1, 'TV2026050', 'Voucher giảm 10% cho khách thành viên', 'percent', 10.00, 180000.00, '2026-09-20 00:00:00', 'available', NULL, NULL, 50, NULL, '2026-04-20 00:00:00');

-- --------------------------------------------------------

--
-- Cấu trúc đóng vai cho view `vouchers`
-- (See below for the actual view)
--
CREATE TABLE `vouchers` (
`id` int(11)
,`customer_id` int(11)
,`code` varchar(50)
,`name` varchar(150)
,`discount_type` enum('fixed','percent')
,`discount_value` decimal(15,2)
,`min_order` decimal(15,2)
,`expires_at` datetime
,`status` enum('available','used','expired','cancelled')
,`source_invoice_id` int(11)
,`used_invoice_id` int(11)
,`points_cost` int(11)
,`used_at` datetime
,`created_at` datetime
);

-- --------------------------------------------------------

--
-- Cấu trúc cho view `activity_logs`
--
DROP TABLE IF EXISTS `activity_logs`;

CREATE ALGORITHM=UNDEFINED DEFINER=`root`@`localhost` SQL SECURITY DEFINER VIEW `activity_logs`  AS SELECT `nhatkyhoatdong`.`maNK` AS `id`, `nhatkyhoatdong`.`maTK` AS `user_id`, `nhatkyhoatdong`.`hanhDong` AS `action`, `nhatkyhoatdong`.`moTa` AS `description`, `nhatkyhoatdong`.`ngayTao` AS `created_at` FROM `nhatkyhoatdong` ;

-- --------------------------------------------------------

--
-- Cấu trúc cho view `customers`
--
DROP TABLE IF EXISTS `customers`;

CREATE ALGORITHM=UNDEFINED DEFINER=`root`@`localhost` SQL SECURITY DEFINER VIEW `customers`  AS SELECT `khachhang`.`maKH` AS `id`, `khachhang`.`tenKH` AS `name`, `khachhang`.`sdt` AS `phone`, `khachhang`.`diemTichLuy` AS `points`, `khachhang`.`tongChiTieu` AS `total_spent`, `khachhang`.`trangThai` AS `status`, `khachhang`.`ngayTao` AS `created_at` FROM `khachhang` ;

-- --------------------------------------------------------

--
-- Cấu trúc cho view `invoices`
--
DROP TABLE IF EXISTS `invoices`;

CREATE ALGORITHM=UNDEFINED DEFINER=`root`@`localhost` SQL SECURITY DEFINER VIEW `invoices`  AS SELECT `hoadon`.`maHD` AS `id`, `hoadon`.`soHoaDon` AS `invoice_code`, `hoadon`.`maGiaoDich` AS `checkout_token`, `hoadon`.`maTK` AS `user_id`, `hoadon`.`maKH` AS `customer_id`, `hoadon`.`tenKhachHang` AS `customer_name`, `hoadon`.`sdtKhachHang` AS `customer_phone`, `hoadon`.`tamTinh` AS `subtotal_amount`, `hoadon`.`tienGiam` AS `discount_amount`, `hoadon`.`tongTien` AS `total_amount`, `hoadon`.`maVoucher` AS `voucher_id`, `hoadon`.`diemCong` AS `points_earned`, `hoadon`.`tienKhachDua` AS `customer_money`, `hoadon`.`tienThua` AS `change_money`, `hoadon`.`hinhThucTT` AS `payment_method`, `hoadon`.`trangThai` AS `status`, `hoadon`.`thoiGianHuy` AS `cancelled_at`, `hoadon`.`nguoiHuy` AS `cancelled_by`, `hoadon`.`lyDoHuy` AS `cancel_reason`, `hoadon`.`ngayLap` AS `created_at` FROM `hoadon` ;

-- --------------------------------------------------------

--
-- Cấu trúc cho view `invoice_details`
--
DROP TABLE IF EXISTS `invoice_details`;

CREATE ALGORITHM=UNDEFINED DEFINER=`root`@`localhost` SQL SECURITY DEFINER VIEW `invoice_details`  AS SELECT `chitiethoadon`.`maCTHD` AS `id`, `chitiethoadon`.`maHD` AS `invoice_id`, `chitiethoadon`.`maSP` AS `product_id`, `chitiethoadon`.`maSanPham` AS `product_code`, `chitiethoadon`.`tenSP` AS `product_name`, `chitiethoadon`.`soLuong` AS `quantity`, `chitiethoadon`.`donGia` AS `price`, `chitiethoadon`.`thanhTien` AS `subtotal` FROM `chitiethoadon` ;

-- --------------------------------------------------------

--
-- Cấu trúc cho view `products`
--
DROP TABLE IF EXISTS `products`;

CREATE ALGORITHM=UNDEFINED DEFINER=`root`@`localhost` SQL SECURITY DEFINER VIEW `products`  AS SELECT `sanpham`.`maSP` AS `id`, `sanpham`.`maSanPham` AS `code`, `sanpham`.`tenSP` AS `name`, `sanpham`.`danhMuc` AS `category`, `sanpham`.`donGia` AS `price`, `sanpham`.`soLuongTon` AS `stock`, `sanpham`.`mucCanhBao` AS `min_stock`, `sanpham`.`donViTinh` AS `unit`, `sanpham`.`hinhAnh` AS `image`, `sanpham`.`trangThai` AS `status`, `sanpham`.`ngayTao` AS `created_at`, `sanpham`.`ngayCapNhat` AS `updated_at` FROM `sanpham` ;

-- --------------------------------------------------------

--
-- Cấu trúc cho view `stock_imports`
--
DROP TABLE IF EXISTS `stock_imports`;

CREATE ALGORITHM=UNDEFINED DEFINER=`root`@`localhost` SQL SECURITY DEFINER VIEW `stock_imports`  AS SELECT `phieunhap`.`maPN` AS `id`, `phieunhap`.`soPhieuNhap` AS `import_code`, `phieunhap`.`maTK` AS `user_id`, `phieunhap`.`nhaCungCap` AS `supplier`, `phieunhap`.`ghiChu` AS `note`, `phieunhap`.`tongTienNhap` AS `total_amount`, `phieunhap`.`ngayNhap` AS `created_at` FROM `phieunhap` ;

-- --------------------------------------------------------

--
-- Cấu trúc cho view `stock_import_details`
--
DROP TABLE IF EXISTS `stock_import_details`;

CREATE ALGORITHM=UNDEFINED DEFINER=`root`@`localhost` SQL SECURITY DEFINER VIEW `stock_import_details`  AS SELECT `chitietphieunhap`.`maCTPN` AS `id`, `chitietphieunhap`.`maPN` AS `stock_import_id`, `chitietphieunhap`.`maSP` AS `product_id`, `chitietphieunhap`.`maSanPham` AS `product_code`, `chitietphieunhap`.`tenSP` AS `product_name`, `chitietphieunhap`.`soLuong` AS `quantity`, `chitietphieunhap`.`donGiaNhap` AS `cost_price`, `chitietphieunhap`.`thanhTien` AS `subtotal` FROM `chitietphieunhap` ;

-- --------------------------------------------------------

--
-- Cấu trúc cho view `users`
--
DROP TABLE IF EXISTS `users`;

CREATE ALGORITHM=UNDEFINED DEFINER=`root`@`localhost` SQL SECURITY DEFINER VIEW `users`  AS SELECT `nguoidung`.`maTK` AS `id`, `nguoidung`.`tenDangNhap` AS `username`, `nguoidung`.`matKhau` AS `password`, `nguoidung`.`hoTen` AS `full_name`, `nguoidung`.`vaiTro` AS `role`, `nguoidung`.`trangThai` AS `status`, `nguoidung`.`ngayTao` AS `created_at` FROM `nguoidung` ;

-- --------------------------------------------------------

--
-- Cấu trúc cho view `vouchers`
--
DROP TABLE IF EXISTS `vouchers`;

CREATE ALGORITHM=UNDEFINED DEFINER=`root`@`localhost` SQL SECURITY DEFINER VIEW `vouchers`  AS SELECT `voucher`.`maVoucher` AS `id`, `voucher`.`maKH` AS `customer_id`, `voucher`.`maGiamGia` AS `code`, `voucher`.`tenVoucher` AS `name`, `voucher`.`loaiGiamGia` AS `discount_type`, `voucher`.`giaTriGiam` AS `discount_value`, `voucher`.`donToiThieu` AS `min_order`, `voucher`.`hanSuDung` AS `expires_at`, `voucher`.`trangThai` AS `status`, `voucher`.`maHDNguon` AS `source_invoice_id`, `voucher`.`maHDDaDung` AS `used_invoice_id`, `voucher`.`diemQuyDoi` AS `points_cost`, `voucher`.`ngaySuDung` AS `used_at`, `voucher`.`ngayTao` AS `created_at` FROM `voucher` ;

--
-- Chỉ mục cho các bảng đã đổ
--

--
-- Chỉ mục cho bảng `chitiethoadon`
--
ALTER TABLE `chitiethoadon`
  ADD PRIMARY KEY (`maCTHD`),
  ADD KEY `fk_cthd_hoadon` (`maHD`),
  ADD KEY `fk_cthd_sanpham` (`maSP`);

--
-- Chỉ mục cho bảng `chitietphieunhap`
--
ALTER TABLE `chitietphieunhap`
  ADD PRIMARY KEY (`maCTPN`),
  ADD KEY `fk_ctpn_phieunhap` (`maPN`),
  ADD KEY `fk_ctpn_sanpham` (`maSP`);

--
-- Chỉ mục cho bảng `hidden_suppliers`
--
ALTER TABLE `hidden_suppliers`
  ADD PRIMARY KEY (`id`),
  ADD UNIQUE KEY `supplier` (`supplier`);

--
-- Chỉ mục cho bảng `hoadon`
--
ALTER TABLE `hoadon`
  ADD PRIMARY KEY (`maHD`),
  ADD UNIQUE KEY `soHoaDon` (`soHoaDon`),
  ADD UNIQUE KEY `maGiaoDich` (`maGiaoDich`),
  ADD KEY `idx_hoadon_nguoidung` (`maTK`),
  ADD KEY `idx_hoadon_khachhang` (`maKH`),
  ADD KEY `fk_hoadon_voucher` (`maVoucher`),
  ADD KEY `fk_hoadon_nguoihuy` (`nguoiHuy`);

--
-- Chỉ mục cho bảng `khachhang`
--
ALTER TABLE `khachhang`
  ADD PRIMARY KEY (`maKH`),
  ADD UNIQUE KEY `sdt` (`sdt`);

--
-- Chỉ mục cho bảng `nguoidung`
--
ALTER TABLE `nguoidung`
  ADD PRIMARY KEY (`maTK`),
  ADD UNIQUE KEY `tenDangNhap` (`tenDangNhap`);

--
-- Chỉ mục cho bảng `nhanvienkho`
--
ALTER TABLE `nhanvienkho`
  ADD PRIMARY KEY (`maTK`);

--
-- Chỉ mục cho bảng `nhatkyhoatdong`
--
ALTER TABLE `nhatkyhoatdong`
  ADD PRIMARY KEY (`maNK`),
  ADD KEY `fk_nhatky_nguoidung` (`maTK`);

--
-- Chỉ mục cho bảng `phieunhap`
--
ALTER TABLE `phieunhap`
  ADD PRIMARY KEY (`maPN`),
  ADD UNIQUE KEY `soPhieuNhap` (`soPhieuNhap`),
  ADD KEY `fk_phieunhap_nguoidung` (`maTK`);

--
-- Chỉ mục cho bảng `quanly`
--
ALTER TABLE `quanly`
  ADD PRIMARY KEY (`maTK`);

--
-- Chỉ mục cho bảng `sanpham`
--
ALTER TABLE `sanpham`
  ADD PRIMARY KEY (`maSP`),
  ADD UNIQUE KEY `maSanPham` (`maSanPham`);

--
-- Chỉ mục cho bảng `thungan`
--
ALTER TABLE `thungan`
  ADD PRIMARY KEY (`maTK`);

--
-- Chỉ mục cho bảng `voucher`
--
ALTER TABLE `voucher`
  ADD PRIMARY KEY (`maVoucher`),
  ADD UNIQUE KEY `maGiamGia` (`maGiamGia`),
  ADD KEY `idx_voucher_khachhang` (`maKH`);

--
-- AUTO_INCREMENT cho các bảng đã đổ
--

--
-- AUTO_INCREMENT cho bảng `chitiethoadon`
--
ALTER TABLE `chitiethoadon`
  MODIFY `maCTHD` int(11) NOT NULL AUTO_INCREMENT, AUTO_INCREMENT=736;

--
-- AUTO_INCREMENT cho bảng `chitietphieunhap`
--
ALTER TABLE `chitietphieunhap`
  MODIFY `maCTPN` int(11) NOT NULL AUTO_INCREMENT, AUTO_INCREMENT=224;

--
-- AUTO_INCREMENT cho bảng `hidden_suppliers`
--
ALTER TABLE `hidden_suppliers`
  MODIFY `id` int(11) NOT NULL AUTO_INCREMENT;

--
-- AUTO_INCREMENT cho bảng `hoadon`
--
ALTER TABLE `hoadon`
  MODIFY `maHD` int(11) NOT NULL AUTO_INCREMENT, AUTO_INCREMENT=182;

--
-- AUTO_INCREMENT cho bảng `khachhang`
--
ALTER TABLE `khachhang`
  MODIFY `maKH` int(11) NOT NULL AUTO_INCREMENT, AUTO_INCREMENT=71;

--
-- AUTO_INCREMENT cho bảng `nguoidung`
--
ALTER TABLE `nguoidung`
  MODIFY `maTK` int(11) NOT NULL AUTO_INCREMENT, AUTO_INCREMENT=8;

--
-- AUTO_INCREMENT cho bảng `nhatkyhoatdong`
--
ALTER TABLE `nhatkyhoatdong`
  MODIFY `maNK` int(11) NOT NULL AUTO_INCREMENT, AUTO_INCREMENT=145;

--
-- AUTO_INCREMENT cho bảng `phieunhap`
--
ALTER TABLE `phieunhap`
  MODIFY `maPN` int(11) NOT NULL AUTO_INCREMENT, AUTO_INCREMENT=31;

--
-- AUTO_INCREMENT cho bảng `sanpham`
--
ALTER TABLE `sanpham`
  MODIFY `maSP` int(11) NOT NULL AUTO_INCREMENT, AUTO_INCREMENT=101;

--
-- AUTO_INCREMENT cho bảng `voucher`
--
ALTER TABLE `voucher`
  MODIFY `maVoucher` int(11) NOT NULL AUTO_INCREMENT, AUTO_INCREMENT=51;

--
-- Các ràng buộc cho các bảng đã đổ
--

--
-- Các ràng buộc cho bảng `chitiethoadon`
--
ALTER TABLE `chitiethoadon`
  ADD CONSTRAINT `fk_cthd_hoadon` FOREIGN KEY (`maHD`) REFERENCES `hoadon` (`maHD`),
  ADD CONSTRAINT `fk_cthd_sanpham` FOREIGN KEY (`maSP`) REFERENCES `sanpham` (`maSP`);

--
-- Các ràng buộc cho bảng `chitietphieunhap`
--
ALTER TABLE `chitietphieunhap`
  ADD CONSTRAINT `fk_ctpn_phieunhap` FOREIGN KEY (`maPN`) REFERENCES `phieunhap` (`maPN`),
  ADD CONSTRAINT `fk_ctpn_sanpham` FOREIGN KEY (`maSP`) REFERENCES `sanpham` (`maSP`);

--
-- Các ràng buộc cho bảng `hoadon`
--
ALTER TABLE `hoadon`
  ADD CONSTRAINT `fk_hoadon_khachhang` FOREIGN KEY (`maKH`) REFERENCES `khachhang` (`maKH`),
  ADD CONSTRAINT `fk_hoadon_nguoidung` FOREIGN KEY (`maTK`) REFERENCES `nguoidung` (`maTK`),
  ADD CONSTRAINT `fk_hoadon_nguoihuy` FOREIGN KEY (`nguoiHuy`) REFERENCES `nguoidung` (`maTK`),
  ADD CONSTRAINT `fk_hoadon_voucher` FOREIGN KEY (`maVoucher`) REFERENCES `voucher` (`maVoucher`);

--
-- Các ràng buộc cho bảng `nhanvienkho`
--
ALTER TABLE `nhanvienkho`
  ADD CONSTRAINT `fk_nhanvienkho_nguoidung` FOREIGN KEY (`maTK`) REFERENCES `nguoidung` (`maTK`);

--
-- Các ràng buộc cho bảng `nhatkyhoatdong`
--
ALTER TABLE `nhatkyhoatdong`
  ADD CONSTRAINT `fk_nhatky_nguoidung` FOREIGN KEY (`maTK`) REFERENCES `nguoidung` (`maTK`);

--
-- Các ràng buộc cho bảng `phieunhap`
--
ALTER TABLE `phieunhap`
  ADD CONSTRAINT `fk_phieunhap_nguoidung` FOREIGN KEY (`maTK`) REFERENCES `nguoidung` (`maTK`);

--
-- Các ràng buộc cho bảng `quanly`
--
ALTER TABLE `quanly`
  ADD CONSTRAINT `fk_quanly_nguoidung` FOREIGN KEY (`maTK`) REFERENCES `nguoidung` (`maTK`);

--
-- Các ràng buộc cho bảng `thungan`
--
ALTER TABLE `thungan`
  ADD CONSTRAINT `fk_thungan_nguoidung` FOREIGN KEY (`maTK`) REFERENCES `nguoidung` (`maTK`);

--
-- Các ràng buộc cho bảng `voucher`
--
ALTER TABLE `voucher`
  ADD CONSTRAINT `fk_voucher_khachhang` FOREIGN KEY (`maKH`) REFERENCES `khachhang` (`maKH`);
COMMIT;

/*!40101 SET CHARACTER_SET_CLIENT=@OLD_CHARACTER_SET_CLIENT */;
/*!40101 SET CHARACTER_SET_RESULTS=@OLD_CHARACTER_SET_RESULTS */;
/*!40101 SET COLLATION_CONNECTION=@OLD_COLLATION_CONNECTION */;
